{
  "Power Up Middle": {
    "A": "-2",
    "B": "-1",
    "C": "+10",
    "D": "+1",
    "E": "+1",
    "F": "+2",
    "G": "+3",
    "H": "+7",
    "I": "+9",
    "J": "+10"
  },
  "Power Off Tackle": {
    "A": "-1",
    "B": "FUMBLE",
    "C": "-2",
    "D": "+4",
    "E": "+5",
    "F": "+7",
    "G": "+9",
    "H": "-1",
    "I": "+11",
    "J": "+14"
  },
  "QB Keeper": {
    "A": "0",
    "B": "-1",
    "C": "+15",
    "D": "+2",
    "E": "+2",
    "F": "+2",
    "G": "PENALTY -5 (or -2)",
    "H": "+15",
    "I": "+5",
    "J": "+5"
  },
  "Slant Run": {
    "A": "0",
    "B": "+2",
    "C": "-3",
    "D": "+3",
    "E": "+4",
    "F": "PENALTY +5 (or +7)",
    "G": "+8",
    "H": "-3",
    "I": "+13",
    "J": "+18"
  },
  "End Run": {
    "A": "-4",
    "B": "-1",
    "C": "FUMBLE",
    "D": "PENALTY +15",
    "E": "-3",
    "F": "+6",
    "G": "+9 O/B",
    "H": "+2",
    "I": "+21 O/B",
    "J": "+25 O/B"
  },
  "Reverse": {
    "A": "-2",
    "B": "+1 O/B",
    "C": "-4",
    "D": "FUMBLE",
    "E": "+7",
    "F": "+10",
    "G": "+13 O/B",
    "H": "-6",
    "I": "+20 O/B",
    "J": "LG"
  },
  "Draw": {
    "A": "+1",
    "B": "+2",
    "C": "-2",
    "D": "+2",
    "E": "+10",
    "F": "PENALTY -5 (or -2)",
    "G": "+5",
    "H": "-3",
    "I": "+12",
    "J": "+22"
  },
  "Trap": {
    "A": "+3",
    "B": "-1",
    "C": "+9",
    "D": "+4",
    "E": "+2",
    "F": "0",
    "G": "FUMBLE",
    "H": "+15 O/B",
    "I": "+9",
    "J": "+11"
  },
  "Run/Pass Option": {
    "A": "PENALTY",
    "B": "Complete +13 O/B",
    "C": "+5 O/B",
    "D": "Incomplete",
    "E": "+20",
    "F": "Incomplete",
    "G": "INTERCEPT Def -25",
    "H": "Complete +25",
    "I": "+5",
    "J": "Incomplete"
  },
  "Flair Pass": {
    "A": "Complete +3",
    "B": "Complete +6",
    "C": "Incomplete",
    "D": "Complete +5 O/B",
    "E": "Complete +3 O/B",
    "F": "Complete +1",
    "G": "Incomplete",
    "H": "Complete -2",
    "I": "Complete +17 O/B",
    "J": "PENALTY +5"
  },
  "Side Line Pass": {
    "A": "Complete +14 O/B",
    "B": "Incomplete",
    "C": "INTERCEPT Def +7",
    "D": "Complete +7 O/B",
    "E": "Complete +5 O/B",
    "F": "Complete +4 O/B",
    "G": "Complete +3 O/B",
    "H": "Incomplete",
    "I": "Incomplete",
    "J": "Incomplete"
  },
  "Look In Pass": {
    "A": "Complete +9",
    "B": "Incomplete",
    "C": "Complete +6",
    "D": "Incomplete",
    "E": "Incomplete",
    "F": "Incomplete",
    "G": "Complete +11",
    "H": "Complete +6",
    "I": "Complete +4",
    "J": "PENALTY -10"
  },
  "Screen Pass": {
    "A": "Complete +18",
    "B": "Complete +15",
    "C": "Complete +9",
    "D": "Complete +6",
    "E": "Complete +4 O/B",
    "F": "SACK -10",
    "G": "Incomplete",
    "H": "Complete +12",
    "I": "Incomplete",
    "J": "Incomplete"
  },
  "Pop Pass": {
    "A": "Complete +19",
    "B": "Complete +16",
    "C": "Complete +11",
    "D": "Complete +8",
    "E": "Incomplete",
    "F": "Incomplete",
    "G": "Complete +4",
    "H": "Incomplete",
    "I": "Incomplete",
    "J": "Incomplete"
  },
  "Button Hook Pass": {
    "A": "Complete +16",
    "B": "Complete +13",
    "C": "Complete +8",
    "D": "Incomplete",
    "E": "Incomplete",
    "F": "Complete +16",
    "G": "Incomplete",
    "H": "Complete +7",
    "I": "Incomplete",
    "J": "Incomplete"
  },
  "Razzle Dazzle": {
    "A": "LG",
    "B": "LG",
    "C": "-15",
    "D": "+11 O/B",
    "E": "PENALTY -10",
    "F": "-20",
    "G": "-15",
    "H": "FUMBLE",
    "I": "LG",
    "J": "LG"
  },
  "Down & Out Pass": {
    "A": "Complete +50 O/B",
    "B": "Complete +45 O/B",
    "C": "Complete +35",
    "D": "Complete +25",
    "E": "Incomplete",
    "F": "Complete +25",
    "G": "Incomplete",
    "H": "SACK -15",
    "I": "INTERCEPT Def +20",
    "J": "Incomplete"
  },
  "Down & In Pass": {
    "A": "Complete +45",
    "B": "Complete +35",
    "C": "SACK -5",
    "D": "Complete +35",
    "E": "Complete +30",
    "F": "INTERCEPT Def -30",
    "G": "Incomplete",
    "H": "Incomplete",
    "I": "Incomplete",
    "J": "Incomplete"
  },
  "Long Bomb": {
    "A": "Complete LG",
    "B": "Complete LG",
    "C": "+3 O/B",
    "D": "Complete +35 O/B",
    "E": "SACK -15",
    "F": "Incomplete",
    "G": "Incomplete",
    "H": "Incomplete",
    "I": "PENALTY +30 1st Down",
    "J": "INTERCEPT Def -30"
  },
  "Stop & Go Pass": {
    "A": "Complete +35",
    "B": "Complete +30",
    "C": "Incomplete",
    "D": "Incomplete",
    "E": "PENALTY -10 (or Incomplete)",
    "F": "Incomplete",
    "G": "Complete +35 O/B",
    "H": "Complete +30 O/B",
    "I": "Incomplete",
    "J": "INTERCEPT Def -25"
  }
}


