{
  "offensive": {
    "playbooks": {
      "West Coast": [
        {
          "id": "wc-quick-slant",
          "playbook": "West Coast",
          "label": "Quick Slant",
          "type": "pass",
          "description": "Short, quick pass over the middle with precise timing",
          "riskLevel": "low",
          "perimeterBias": "inside",
          "tags": ["short", "timing", "possession"],
          "averageYards": 6,
          "completionRate": 0.85,
          "touchdownRate": 0.02,
          "turnoverRisk": 0.08
        },
        {
          "id": "wc-screen-pass",
          "playbook": "West Coast",
          "label": "Screen Pass",
          "type": "pass",
          "description": "Lateral pass behind the line of scrimmage to exploit blitz",
          "riskLevel": "low",
          "perimeterBias": "outside",
          "tags": ["screen", "blitz-beater", "safe"],
          "averageYards": 8,
          "completionRate": 0.92,
          "touchdownRate": 0.01,
          "turnoverRisk": 0.05
        },
        {
          "id": "wc-draw-play",
          "playbook": "West Coast",
          "label": "Draw Play",
          "type": "run",
          "description": "Fake pass setup, delayed handoff to running back",
          "riskLevel": "medium",
          "perimeterBias": "inside",
          "tags": ["misdirection", "play-action", "counter"],
          "averageYards": 5,
          "completionRate": 1.0,
          "touchdownRate": 0.01,
          "turnoverRisk": 0.03
        },
        {
          "id": "wc-rb-screen",
          "playbook": "West Coast",
          "label": "RB Screen",
          "type": "pass",
          "description": "Screen pass to running back in the flat",
          "riskLevel": "low",
          "perimeterBias": "outside",
          "tags": ["screen", "checkdown", "safe"],
          "averageYards": 7,
          "completionRate": 0.88,
          "touchdownRate": 0.01,
          "turnoverRisk": 0.06
        },
        {
          "id": "wc-te-seam",
          "playbook": "West Coast",
          "label": "TE Seam",
          "type": "pass",
          "description": "Tight end down the seam between coverage zones",
          "riskLevel": "medium",
          "perimeterBias": "inside",
          "tags": ["seam", "intermediate", "matchup"],
          "averageYards": 12,
          "completionRate": 0.65,
          "touchdownRate": 0.08,
          "turnoverRisk": 0.15
        },
        {
          "id": "wc-hb-slip-screen",
          "playbook": "West Coast",
          "label": "HB Slip Screen",
          "type": "pass",
          "description": "Halfback screen after initial move to create separation",
          "riskLevel": "medium",
          "perimeterBias": "outside",
          "tags": ["screen", "movement", "intermediate"],
          "averageYards": 9,
          "completionRate": 0.78,
          "touchdownRate": 0.02,
          "turnoverRisk": 0.08
        },
        {
          "id": "wc-wr-out",
          "playbook": "West Coast",
          "label": "WR Out",
          "type": "pass",
          "description": "Wide receiver breaks out toward sideline at intermediate depth",
          "riskLevel": "medium",
          "perimeterBias": "outside",
          "tags": ["out-route", "sideline", "intermediate"],
          "averageYards": 11,
          "completionRate": 0.70,
          "touchdownRate": 0.06,
          "turnoverRisk": 0.12
        },
        {
          "id": "wc-zone-read",
          "playbook": "West Coast",
          "label": "Zone Read",
          "type": "run",
          "description": "Quarterback reads edge defender, keeps or hands off",
          "riskLevel": "medium",
          "perimeterBias": "outside",
          "tags": ["read-option", "zone", "versatile"],
          "averageYards": 6,
          "completionRate": 1.0,
          "touchdownRate": 0.02,
          "turnoverRisk": 0.04
        },
        {
          "id": "wc-pa-bootleg",
          "playbook": "West Coast",
          "label": "PA Bootleg",
          "type": "pass",
          "description": "Play action fake, quarterback rolls out for pass",
          "riskLevel": "high",
          "perimeterBias": "outside",
          "tags": ["play-action", "bootleg", "deep"],
          "averageYards": 15,
          "completionRate": 0.55,
          "touchdownRate": 0.12,
          "turnoverRisk": 0.20
        },
        {
          "id": "wc-dig-route",
          "playbook": "West Coast",
          "label": "Dig Route",
          "type": "pass",
          "description": "Cross field pass route cutting across zones",
          "riskLevel": "high",
          "perimeterBias": "inside",
          "tags": ["crosser", "intermediate", "zone-beater"],
          "averageYards": 14,
          "completionRate": 0.60,
          "touchdownRate": 0.10,
          "turnoverRisk": 0.18
        },
        {
          "id": "wc-inside-zone",
          "playbook": "West Coast",
          "label": "Inside Zone",
          "type": "run",
          "description": "Offensive line zones block creating cutback lanes",
          "riskLevel": "low",
          "perimeterBias": "inside",
          "tags": ["zone", "cutback", "consistent"],
          "averageYards": 4,
          "completionRate": 1.0,
          "touchdownRate": 0.01,
          "turnoverRisk": 0.02
        },
        {
          "id": "wc-slants",
          "playbook": "West Coast",
          "label": "Slants",
          "type": "pass",
          "description": "Multiple receivers run slant routes across the field",
          "riskLevel": "medium",
          "perimeterBias": "inside",
          "tags": ["combination", "rub", "man-beater"],
          "averageYards": 8,
          "completionRate": 0.75,
          "touchdownRate": 0.04,
          "turnoverRisk": 0.10
        },
        {
          "id": "wc-counter-trey",
          "playbook": "West Coast",
          "label": "Counter Trey",
          "type": "run",
          "description": "Misdirection run with pulling guard and tackle",
          "riskLevel": "medium",
          "perimeterBias": "inside",
          "tags": ["counter", "misdirection", "power"],
          "averageYards": 7,
          "completionRate": 1.0,
          "touchdownRate": 0.02,
          "turnoverRisk": 0.03
        },
        {
          "id": "wc-te-corner",
          "playbook": "West Coast",
          "label": "TE Corner",
          "type": "pass",
          "description": "Tight end corner route attacking deep outside",
          "riskLevel": "high",
          "perimeterBias": "outside",
          "tags": ["corner", "deep", "vertical"],
          "averageYards": 18,
          "completionRate": 0.45,
          "touchdownRate": 0.15,
          "turnoverRisk": 0.25
        },
        {
          "id": "wc-power-o",
          "playbook": "West Coast",
          "label": "Power O",
          "type": "run",
          "description": "Power running scheme with lead blocker",
          "riskLevel": "medium",
          "perimeterBias": "inside",
          "tags": ["power", "lead", "short-yardage"],
          "averageYards": 5,
          "completionRate": 1.0,
          "touchdownRate": 0.03,
          "turnoverRisk": 0.02
        },
        {
          "id": "wc-wr-screen",
          "playbook": "West Coast",
          "label": "WR Screen",
          "type": "pass",
          "description": "Wide receiver screen pass to exploit aggressive defense",
          "riskLevel": "low",
          "perimeterBias": "outside",
          "tags": ["screen", "safe", "blitz-beater"],
          "averageYards": 6,
          "completionRate": 0.90,
          "touchdownRate": 0.01,
          "turnoverRisk": 0.05
        },
        {
          "id": "wc-outside-zone",
          "playbook": "West Coast",
          "label": "Outside Zone",
          "type": "run",
          "description": "Stretch zone run to the edge creating perimeter opportunities",
          "riskLevel": "medium",
          "perimeterBias": "outside",
          "tags": ["stretch", "zone", "perimeter"],
          "averageYards": 6,
          "completionRate": 1.0,
          "touchdownRate": 0.02,
          "turnoverRisk": 0.03
        },
        {
          "id": "wc-stick-route",
          "playbook": "West Coast",
          "label": "Stick Route",
          "type": "pass",
          "description": "Short stick route combination with multiple options",
          "riskLevel": "low",
          "perimeterBias": "inside",
          "tags": ["stick", "combination", "checkdown"],
          "averageYards": 7,
          "completionRate": 0.82,
          "touchdownRate": 0.02,
          "turnoverRisk": 0.07
        },
        {
          "id": "wc-trap-play",
          "playbook": "West Coast",
          "label": "Trap Play",
          "type": "run",
          "description": "Trap blocking scheme pulling linemen to create holes",
          "riskLevel": "medium",
          "perimeterBias": "inside",
          "tags": ["trap", "pulling", "aggressive"],
          "averageYards": 8,
          "completionRate": 1.0,
          "touchdownRate": 0.02,
          "turnoverRisk": 0.04
        },
        {
          "id": "wc-flood-concept",
          "playbook": "West Coast",
          "label": "Flood Concept",
          "type": "pass",
          "description": "Three level flood routes stretching all zones",
          "riskLevel": "high",
          "perimeterBias": "balanced",
          "tags": ["flood", "three-level", "zone-beater"],
          "averageYards": 13,
          "completionRate": 0.58,
          "touchdownRate": 0.08,
          "turnoverRisk": 0.17
        }
      ],
      "Spread": [
        {
          "id": "spread-air-raid",
          "playbook": "Spread",
          "label": "Air Raid",
          "type": "pass",
          "description": "Four verticals concept attacking deep with spacing",
          "riskLevel": "very-high",
          "perimeterBias": "balanced",
          "tags": ["vertical", "spacing", "aggressive"],
          "averageYards": 16,
          "completionRate": 0.48,
          "touchdownRate": 0.18,
          "turnoverRisk": 0.28
        },
        {
          "id": "spread-mesh-concept",
          "playbook": "Spread",
          "label": "Mesh Concept",
          "type": "pass",
          "description": "Crossing routes underneath creating rubs and picks",
          "riskLevel": "medium",
          "perimeterBias": "inside",
          "tags": ["mesh", "rub", "underneath"],
          "averageYards": 9,
          "completionRate": 0.78,
          "touchdownRate": 0.04,
          "turnoverRisk": 0.10
        },
        {
          "id": "spread-rpo-bubble",
          "playbook": "Spread",
          "label": "RPO Bubble",
          "type": "pass",
          "description": "Run-pass option with quick bubble screen",
          "riskLevel": "medium",
          "perimeterBias": "outside",
          "tags": ["rpo", "bubble", "versatile"],
          "averageYards": 8,
          "completionRate": 0.82,
          "touchdownRate": 0.03,
          "turnoverRisk": 0.08
        },
        {
          "id": "spread-smash-route",
          "playbook": "Spread",
          "label": "Smash Route",
          "type": "pass",
          "description": "Corner and hitch combination attacking boundary",
          "riskLevel": "high",
          "perimeterBias": "outside",
          "tags": ["smash", "corner", "boundary"],
          "averageYards": 12,
          "completionRate": 0.65,
          "touchdownRate": 0.10,
          "turnoverRisk": 0.15
        },
        {
          "id": "spread-zone-read",
          "playbook": "Spread",
          "label": "Zone Read",
          "type": "run",
          "description": "Quarterback reads edge defender in spread formation",
          "riskLevel": "medium",
          "perimeterBias": "outside",
          "tags": ["read-option", "zone", "spread"],
          "averageYards": 7,
          "completionRate": 1.0,
          "touchdownRate": 0.03,
          "turnoverRisk": 0.04
        },
        {
          "id": "spread-levels-concept",
          "playbook": "Spread",
          "label": "Levels Concept",
          "type": "pass",
          "description": "Multiple levels of routes creating high-low reads",
          "riskLevel": "high",
          "perimeterBias": "inside",
          "tags": ["levels", "high-low", "intermediate"],
          "averageYards": 14,
          "completionRate": 0.62,
          "touchdownRate": 0.12,
          "turnoverRisk": 0.16
        },
        {
          "id": "spread-y-stick",
          "playbook": "Spread",
          "label": "Y-Stick",
          "type": "pass",
          "description": "Y receiver stick route with underneath options",
          "riskLevel": "low",
          "perimeterBias": "inside",
          "tags": ["stick", "underneath", "safe"],
          "averageYards": 6,
          "completionRate": 0.88,
          "touchdownRate": 0.02,
          "turnoverRisk": 0.06
        },
        {
          "id": "spread-power-read",
          "playbook": "Spread",
          "label": "Power Read",
          "type": "run",
          "description": "Power scheme with read option in spread formation",
          "riskLevel": "medium",
          "perimeterBias": "inside",
          "tags": ["power", "read-option", "hybrid"],
          "averageYards": 6,
          "completionRate": 1.0,
          "touchdownRate": 0.02,
          "turnoverRisk": 0.03
        },
        {
          "id": "spread-drive-concept",
          "playbook": "Spread",
          "label": "Drive Concept",
          "type": "pass",
          "description": "Drive routes to intermediate zone with spacing",
          "riskLevel": "medium",
          "perimeterBias": "inside",
          "tags": ["drive", "intermediate", "spacing"],
          "averageYards": 10,
          "completionRate": 0.72,
          "touchdownRate": 0.06,
          "turnoverRisk": 0.12
        },
        {
          "id": "spread-counter",
          "playbook": "Spread",
          "label": "Counter",
          "type": "run",
          "description": "Counter run against spread defensive alignment",
          "riskLevel": "medium",
          "perimeterBias": "inside",
          "tags": ["counter", "misdirection", "spread"],
          "averageYards": 8,
          "completionRate": 1.0,
          "touchdownRate": 0.02,
          "turnoverRisk": 0.03
        },
        {
          "id": "spread-spot-concept",
          "playbook": "Spread",
          "label": "Spot Concept",
          "type": "pass",
          "description": "Spot routes underneath with multiple options",
          "riskLevel": "low",
          "perimeterBias": "inside",
          "tags": ["spot", "underneath", "checkdown"],
          "averageYards": 5,
          "completionRate": 0.90,
          "touchdownRate": 0.01,
          "turnoverRisk": 0.05
        },
        {
          "id": "spread-arrow-route",
          "playbook": "Spread",
          "label": "Arrow Route",
          "type": "pass",
          "description": "Quick arrow route for immediate underneath throw",
          "riskLevel": "low",
          "perimeterBias": "inside",
          "tags": ["arrow", "quick", "safe"],
          "averageYards": 4,
          "completionRate": 0.95,
          "touchdownRate": 0.01,
          "turnoverRisk": 0.03
        },
        {
          "id": "spread-outside-zone",
          "playbook": "Spread",
          "label": "Outside Zone",
          "type": "run",
          "description": "Stretch zone to the perimeter in spread formation",
          "riskLevel": "medium",
          "perimeterBias": "outside",
          "tags": ["stretch", "zone", "perimeter"],
          "averageYards": 7,
          "completionRate": 1.0,
          "touchdownRate": 0.02,
          "turnoverRisk": 0.03
        },
        {
          "id": "spread-bender",
          "playbook": "Spread",
          "label": "Bender",
          "type": "pass",
          "description": "Bender route combination with multiple breaks",
          "riskLevel": "high",
          "perimeterBias": "outside",
          "tags": ["bender", "breaking", "complex"],
          "averageYards": 13,
          "completionRate": 0.58,
          "touchdownRate": 0.08,
          "turnoverRisk": 0.18
        },
        {
          "id": "spread-inside-zone",
          "playbook": "Spread",
          "label": "Inside Zone",
          "type": "run",
          "description": "Inside zone running scheme in spread formation",
          "riskLevel": "low",
          "perimeterBias": "inside",
          "tags": ["zone", "inside", "consistent"],
          "averageYards": 5,
          "completionRate": 1.0,
          "touchdownRate": 0.01,
          "turnoverRisk": 0.02
        },
        {
          "id": "spread-curl-flat",
          "playbook": "Spread",
          "label": "Curl-Flat",
          "type": "pass",
          "description": "Curl and flat route combo creating high-low read",
          "riskLevel": "medium",
          "perimeterBias": "outside",
          "tags": ["curl-flat", "high-low", "boundary"],
          "averageYards": 8,
          "completionRate": 0.75,
          "touchdownRate": 0.04,
          "turnoverRisk": 0.10
        },
        {
          "id": "spread-trap",
          "playbook": "Spread",
          "label": "Trap",
          "type": "run",
          "description": "Trap block run play in spread formation",
          "riskLevel": "medium",
          "perimeterBias": "inside",
          "tags": ["trap", "block", "spread"],
          "averageYards": 7,
          "completionRate": 1.0,
          "touchdownRate": 0.02,
          "turnoverRisk": 0.03
        },
        {
          "id": "spread-post-wheel",
          "playbook": "Spread",
          "label": "Post-Wheel",
          "type": "pass",
          "description": "Post and wheel combination attacking deep zones",
          "riskLevel": "very-high",
          "perimeterBias": "outside",
          "tags": ["post-wheel", "deep", "vertical"],
          "averageYards": 17,
          "completionRate": 0.50,
          "touchdownRate": 0.16,
          "turnoverRisk": 0.22
        },
        {
          "id": "spread-power",
          "playbook": "Spread",
          "label": "Power",
          "type": "run",
          "description": "Power gap scheme in spread formation",
          "riskLevel": "medium",
          "perimeterBias": "inside",
          "tags": ["power", "gap", "short-yardage"],
          "averageYards": 6,
          "completionRate": 1.0,
          "touchdownRate": 0.02,
          "turnoverRisk": 0.02
        },
        {
          "id": "spread-slants",
          "playbook": "Spread",
          "label": "Slants",
          "type": "pass",
          "description": "Multiple slant routes in spread formation",
          "riskLevel": "medium",
          "perimeterBias": "inside",
          "tags": ["slant", "rub", "quick"],
          "averageYards": 8,
          "completionRate": 0.77,
          "touchdownRate": 0.04,
          "turnoverRisk": 0.11
        }
      ],
      "Air Raid": [
        {
          "id": "ar-four-verticals",
          "playbook": "Air Raid",
          "label": "Four Verticals",
          "type": "pass",
          "description": "Four receivers run vertical routes stretching field",
          "riskLevel": "very-high",
          "perimeterBias": "balanced",
          "tags": ["vertical", "stretch", "aggressive"],
          "averageYards": 18,
          "completionRate": 0.45,
          "touchdownRate": 0.20,
          "turnoverRisk": 0.30
        },
        {
          "id": "ar-mesh",
          "playbook": "Air Raid",
          "label": "Mesh",
          "type": "pass",
          "description": "Crossing mesh routes creating rubs underneath",
          "riskLevel": "medium",
          "perimeterBias": "inside",
          "tags": ["mesh", "cross", "rub"],
          "averageYards": 10,
          "completionRate": 0.75,
          "touchdownRate": 0.05,
          "turnoverRisk": 0.12
        },
        {
          "id": "ar-y-stick",
          "playbook": "Air Raid",
          "label": "Y-Stick",
          "type": "pass",
          "description": "Y-stick route concept with underneath options",
          "riskLevel": "low",
          "perimeterBias": "inside",
          "tags": ["stick", "underneath", "safe"],
          "averageYards": 7,
          "completionRate": 0.85,
          "touchdownRate": 0.02,
          "turnoverRisk": 0.08
        },
        {
          "id": "ar-spot",
          "playbook": "Air Raid",
          "label": "Spot",
          "type": "pass",
          "description": "Spot routes underneath creating easy completions",
          "riskLevel": "low",
          "perimeterBias": "inside",
          "tags": ["spot", "underneath", "checkdown"],
          "averageYards": 6,
          "completionRate": 0.90,
          "touchdownRate": 0.01,
          "turnoverRisk": 0.05
        },
        {
          "id": "ar-drive",
          "playbook": "Air Raid",
          "label": "Drive",
          "type": "pass",
          "description": "Drive routes to intermediate zone with spacing",
          "riskLevel": "medium",
          "perimeterBias": "inside",
          "tags": ["drive", "intermediate", "spacing"],
          "averageYards": 11,
          "completionRate": 0.70,
          "touchdownRate": 0.07,
          "turnoverRisk": 0.13
        },
        {
          "id": "ar-smash",
          "playbook": "Air Raid",
          "label": "Smash",
          "type": "pass",
          "description": "Smash route combination attacking boundary corner",
          "riskLevel": "high",
          "perimeterBias": "outside",
          "tags": ["smash", "corner", "boundary"],
          "averageYards": 13,
          "completionRate": 0.62,
          "touchdownRate": 0.11,
          "turnoverRisk": 0.17
        },
        {
          "id": "ar-curl-flat",
          "playbook": "Air Raid",
          "label": "Curl-Flat",
          "type": "pass",
          "description": "Curl and flat routes creating high-low read",
          "riskLevel": "medium",
          "perimeterBias": "outside",
          "tags": ["curl-flat", "high-low", "boundary"],
          "averageYards": 9,
          "completionRate": 0.73,
          "touchdownRate": 0.05,
          "turnoverRisk": 0.11
        },
        {
          "id": "ar-post-corner",
          "playbook": "Air Raid",
          "label": "Post-Corner",
          "type": "pass",
          "description": "Post and corner routes attacking deep zones",
          "riskLevel": "very-high",
          "perimeterBias": "outside",
          "tags": ["post-corner", "deep", "vertical"],
          "averageYards": 19,
          "completionRate": 0.42,
          "touchdownRate": 0.18,
          "turnoverRisk": 0.28
        },
        {
          "id": "ar-levels",
          "playbook": "Air Raid",
          "label": "Levels",
          "type": "pass",
          "description": "Multiple level routes creating layered attack",
          "riskLevel": "high",
          "perimeterBias": "inside",
          "tags": ["levels", "layered", "intermediate"],
          "averageYards": 15,
          "completionRate": 0.58,
          "touchdownRate": 0.13,
          "turnoverRisk": 0.18
        },
        {
          "id": "ar-triangle",
          "playbook": "Air Raid",
          "label": "Triangle",
          "type": "pass",
          "description": "Triangle route concept with three receiver options",
          "riskLevel": "medium",
          "perimeterBias": "balanced",
          "tags": ["triangle", "three-receiver", "spacing"],
          "averageYards": 12,
          "completionRate": 0.68,
          "touchdownRate": 0.08,
          "turnoverRisk": 0.14
        },
        {
          "id": "ar-bender",
          "playbook": "Air Raid",
          "label": "Bender",
          "type": "pass",
          "description": "Bender route with multiple breaks and options",
          "riskLevel": "high",
          "perimeterBias": "outside",
          "tags": ["bender", "breaking", "complex"],
          "averageYards": 14,
          "completionRate": 0.55,
          "touchdownRate": 0.09,
          "turnoverRisk": 0.20
        },
        {
          "id": "ar-slants",
          "playbook": "Air Raid",
          "label": "Slants",
          "type": "pass",
          "description": "Slant route concept with rubs and picks",
          "riskLevel": "medium",
          "perimeterBias": "inside",
          "tags": ["slant", "rub", "quick"],
          "averageYards": 9,
          "completionRate": 0.74,
          "touchdownRate": 0.05,
          "turnoverRisk": 0.12
        },
        {
          "id": "ar-arrow",
          "playbook": "Air Raid",
          "label": "Arrow",
          "type": "pass",
          "description": "Arrow route underneath for immediate completion",
          "riskLevel": "low",
          "perimeterBias": "inside",
          "tags": ["arrow", "quick", "safe"],
          "averageYards": 5,
          "completionRate": 0.92,
          "touchdownRate": 0.01,
          "turnoverRisk": 0.04
        },
        {
          "id": "ar-wheel",
          "playbook": "Air Raid",
          "label": "Wheel",
          "type": "pass",
          "description": "Wheel route combination attacking sideline",
          "riskLevel": "high",
          "perimeterBias": "outside",
          "tags": ["wheel", "sideline", "deep"],
          "averageYards": 16,
          "completionRate": 0.52,
          "touchdownRate": 0.12,
          "turnoverRisk": 0.21
        },
        {
          "id": "ar-flood",
          "playbook": "Air Raid",
          "label": "Flood",
          "type": "pass",
          "description": "Flood route concept stretching zones vertically",
          "riskLevel": "high",
          "perimeterBias": "balanced",
          "tags": ["flood", "vertical", "stretch"],
          "averageYards": 14,
          "completionRate": 0.59,
          "touchdownRate": 0.11,
          "turnoverRisk": 0.17
        },
        {
          "id": "ar-out",
          "playbook": "Air Raid",
          "label": "Out",
          "type": "pass",
          "description": "Out route combination attacking boundary",
          "riskLevel": "medium",
          "perimeterBias": "outside",
          "tags": ["out", "boundary", "sideline"],
          "averageYards": 10,
          "completionRate": 0.71,
          "touchdownRate": 0.06,
          "turnoverRisk": 0.13
        },
        {
          "id": "ar-dig",
          "playbook": "Air Raid",
          "label": "Dig",
          "type": "pass",
          "description": "Dig route across field cutting through zones",
          "riskLevel": "high",
          "perimeterBias": "inside",
          "tags": ["dig", "crosser", "zone-beater"],
          "averageYards": 15,
          "completionRate": 0.57,
          "touchdownRate": 0.10,
          "turnoverRisk": 0.19
        },
        {
          "id": "ar-cross",
          "playbook": "Air Raid",
          "label": "Cross",
          "type": "pass",
          "description": "Crosser route concept with multiple crossers",
          "riskLevel": "medium",
          "perimeterBias": "inside",
          "tags": ["crosser", "multiple", "rub"],
          "averageYards": 11,
          "completionRate": 0.69,
          "touchdownRate": 0.07,
          "turnoverRisk": 0.14
        },
        {
          "id": "ar-post",
          "playbook": "Air Raid",
          "label": "Post",
          "type": "pass",
          "description": "Post route downfield attacking deep middle",
          "riskLevel": "very-high",
          "perimeterBias": "inside",
          "tags": ["post", "deep", "seam"],
          "averageYards": 20,
          "completionRate": 0.40,
          "touchdownRate": 0.17,
          "turnoverRisk": 0.32
        },
        {
          "id": "ar-corner",
          "playbook": "Air Raid",
          "label": "Corner",
          "type": "pass",
          "description": "Corner route attacking deep boundary corner",
          "riskLevel": "very-high",
          "perimeterBias": "outside",
          "tags": ["corner", "deep", "boundary"],
          "averageYards": 21,
          "completionRate": 0.38,
          "touchdownRate": 0.19,
          "turnoverRisk": 0.35
        }
      ],
      "Smashmouth": [
        {
          "id": "sm-power-o",
          "playbook": "Smashmouth",
          "label": "Power O",
          "type": "run",
          "description": "Power gap scheme with lead blocker",
          "riskLevel": "medium",
          "perimeterBias": "inside",
          "tags": ["power", "gap", "lead"],
          "averageYards": 5,
          "completionRate": 1.0,
          "touchdownRate": 0.03,
          "turnoverRisk": 0.02
        },
        {
          "id": "sm-counter",
          "playbook": "Smashmouth",
          "label": "Counter",
          "type": "run",
          "description": "Counter run with misdirection and pulling linemen",
          "riskLevel": "medium",
          "perimeterBias": "inside",
          "tags": ["counter", "misdirection", "pulling"],
          "averageYards": 7,
          "completionRate": 1.0,
          "touchdownRate": 0.02,
          "turnoverRisk": 0.03
        },
        {
          "id": "sm-trap",
          "playbook": "Smashmouth",
          "label": "Trap",
          "type": "run",
          "description": "Trap blocking scheme pulling to create holes",
          "riskLevel": "medium",
          "perimeterBias": "inside",
          "tags": ["trap", "pulling", "block"],
          "averageYards": 8,
          "completionRate": 1.0,
          "touchdownRate": 0.02,
          "turnoverRisk": 0.03
        },
        {
          "id": "sm-inside-zone",
          "playbook": "Smashmouth",
          "label": "Inside Zone",
          "type": "run",
          "description": "Inside zone runs creating cutback lanes",
          "riskLevel": "low",
          "perimeterBias": "inside",
          "tags": ["zone", "cutback", "consistent"],
          "averageYards": 4,
          "completionRate": 1.0,
          "touchdownRate": 0.01,
          "turnoverRisk": 0.02
        },
        {
          "id": "sm-outside-zone",
          "playbook": "Smashmouth",
          "label": "Outside Zone",
          "type": "run",
          "description": "Outside zone runs stretching to perimeter",
          "riskLevel": "medium",
          "perimeterBias": "outside",
          "tags": ["stretch", "zone", "perimeter"],
          "averageYards": 6,
          "completionRate": 1.0,
          "touchdownRate": 0.02,
          "turnoverRisk": 0.03
        },
        {
          "id": "sm-pull-sweep",
          "playbook": "Smashmouth",
          "label": "Pull Sweep",
          "type": "run",
          "description": "Pulling guards for sweep to the edge",
          "riskLevel": "medium",
          "perimeterBias": "outside",
          "tags": ["sweep", "pulling", "perimeter"],
          "averageYards": 8,
          "completionRate": 1.0,
          "touchdownRate": 0.02,
          "turnoverRisk": 0.04
        },
        {
          "id": "sm-toss",
          "playbook": "Smashmouth",
          "label": "Toss",
          "type": "run",
          "description": "Toss sweep to perimeter with lead blockers",
          "riskLevel": "high",
          "perimeterBias": "outside",
          "tags": ["toss", "sweep", "perimeter"],
          "averageYards": 9,
          "completionRate": 1.0,
          "touchdownRate": 0.03,
          "turnoverRisk": 0.05
        },
        {
          "id": "sm-lead",
          "playbook": "Smashmouth",
          "label": "Lead",
          "type": "run",
          "description": "Lead blocking run with fullback or tight end",
          "riskLevel": "medium",
          "perimeterBias": "inside",
          "tags": ["lead", "block", "power"],
          "averageYards": 6,
          "completionRate": 1.0,
          "touchdownRate": 0.02,
          "turnoverRisk": 0.02
        },
        {
          "id": "sm-pa-pass",
          "playbook": "Smashmouth",
          "label": "PA Pass",
          "type": "pass",
          "description": "Play action pass faking run commitment",
          "riskLevel": "high",
          "perimeterBias": "balanced",
          "tags": ["play-action", "fake", "aggressive"],
          "averageYards": 14,
          "completionRate": 0.58,
          "touchdownRate": 0.11,
          "turnoverRisk": 0.18
        },
        {
          "id": "sm-bootleg",
          "playbook": "Smashmouth",
          "label": "Bootleg",
          "type": "pass",
          "description": "Quarterback bootleg after run fake",
          "riskLevel": "high",
          "perimeterBias": "outside",
          "tags": ["bootleg", "rollout", "perimeter"],
          "averageYards": 12,
          "completionRate": 0.62,
          "touchdownRate": 0.08,
          "turnoverRisk": 0.16
        },
        {
          "id": "sm-counter-pass",
          "playbook": "Smashmouth",
          "label": "Counter Pass",
          "type": "pass",
          "description": "Counter pass action after run fake",
          "riskLevel": "high",
          "perimeterBias": "inside",
          "tags": ["counter", "pass", "misdirection"],
          "averageYards": 13,
          "completionRate": 0.59,
          "touchdownRate": 0.09,
          "turnoverRisk": 0.17
        },
        {
          "id": "sm-te-seam",
          "playbook": "Smashmouth",
          "label": "TE Seam",
          "type": "pass",
          "description": "Tight end seam route between zones",
          "riskLevel": "medium",
          "perimeterBias": "inside",
          "tags": ["seam", "intermediate", "matchup"],
          "averageYards": 11,
          "completionRate": 0.68,
          "touchdownRate": 0.07,
          "turnoverRisk": 0.14
        },
        {
          "id": "sm-hb-flat",
          "playbook": "Smashmouth",
          "label": "HB Flat",
          "type": "pass",
          "description": "Halfback flat route as checkdown option",
          "riskLevel": "low",
          "perimeterBias": "outside",
          "tags": ["flat", "checkdown", "safe"],
          "averageYards": 6,
          "completionRate": 0.88,
          "touchdownRate": 0.01,
          "turnoverRisk": 0.06
        },
        {
          "id": "sm-wr-out",
          "playbook": "Smashmouth",
          "label": "WR Out",
          "type": "pass",
          "description": "Wide receiver out route to sideline",
          "riskLevel": "medium",
          "perimeterBias": "outside",
          "tags": ["out", "sideline", "intermediate"],
          "averageYards": 10,
          "completionRate": 0.72,
          "touchdownRate": 0.05,
          "turnoverRisk": 0.12
        },
        {
          "id": "sm-fb-dive",
          "playbook": "Smashmouth",
          "label": "FB Dive",
          "type": "run",
          "description": "Fullback dive play for short yardage",
          "riskLevel": "low",
          "perimeterBias": "inside",
          "tags": ["dive", "short-yardage", "power"],
          "averageYards": 3,
          "completionRate": 1.0,
          "touchdownRate": 0.02,
          "turnoverRisk": 0.01
        },
        {
          "id": "sm-iso",
          "playbook": "Smashmouth",
          "label": "Iso",
          "type": "run",
          "description": "Isolation run play with lead blocker",
          "riskLevel": "medium",
          "perimeterBias": "inside",
          "tags": ["isolation", "lead", "matchup"],
          "averageYards": 6,
          "completionRate": 1.0,
          "touchdownRate": 0.02,
          "turnoverRisk": 0.02
        },
        {
          "id": "sm-wham",
          "playbook": "Smashmouth",
          "label": "Wham",
          "type": "run",
          "description": "Wham blocking scheme trapping defender",
          "riskLevel": "medium",
          "perimeterBias": "inside",
          "tags": ["wham", "trap", "aggressive"],
          "averageYards": 7,
          "completionRate": 1.0,
          "touchdownRate": 0.02,
          "turnoverRisk": 0.03
        },
        {
          "id": "sm-power-sweep",
          "playbook": "Smashmouth",
          "label": "Power Sweep",
          "type": "run",
          "description": "Power sweep with multiple lead blockers",
          "riskLevel": "high",
          "perimeterBias": "outside",
          "tags": ["power", "sweep", "perimeter"],
          "averageYards": 9,
          "completionRate": 1.0,
          "touchdownRate": 0.03,
          "turnoverRisk": 0.05
        },
        {
          "id": "sm-draw",
          "playbook": "Smashmouth",
          "label": "Draw",
          "type": "run",
          "description": "Draw play faking pass for running opportunity",
          "riskLevel": "medium",
          "perimeterBias": "inside",
          "tags": ["draw", "misdirection", "fake"],
          "averageYards": 8,
          "completionRate": 1.0,
          "touchdownRate": 0.02,
          "turnoverRisk": 0.04
        },
        {
          "id": "sm-screen",
          "playbook": "Smashmouth",
          "label": "Screen",
          "type": "pass",
          "description": "Screen pass to exploit blitzing defense",
          "riskLevel": "low",
          "perimeterBias": "outside",
          "tags": ["screen", "blitz-beater", "safe"],
          "averageYards": 7,
          "completionRate": 0.89,
          "touchdownRate": 0.02,
          "turnoverRisk": 0.07
        }
      ],
      "Wide Zone": [
        {
          "id": "wz-wide-zone",
          "playbook": "Wide Zone",
          "label": "Wide Zone",
          "type": "run",
          "description": "Wide zone running scheme creating multiple cutback lanes",
          "riskLevel": "medium",
          "perimeterBias": "outside",
          "tags": ["zone", "wide", "cutback"],
          "averageYards": 6,
          "completionRate": 1.0,
          "touchdownRate": 0.02,
          "turnoverRisk": 0.03
        },
        {
          "id": "wz-stretch-zone",
          "playbook": "Wide Zone",
          "label": "Stretch Zone",
          "type": "run",
          "description": "Stretch zone to perimeter creating edge opportunities",
          "riskLevel": "medium",
          "perimeterBias": "outside",
          "tags": ["stretch", "zone", "perimeter"],
          "averageYards": 7,
          "completionRate": 1.0,
          "touchdownRate": 0.02,
          "turnoverRisk": 0.03
        },
        {
          "id": "wz-inside-zone",
          "playbook": "Wide Zone",
          "label": "Inside Zone",
          "type": "run",
          "description": "Inside zone runs in wide zone scheme",
          "riskLevel": "low",
          "perimeterBias": "inside",
          "tags": ["zone", "inside", "consistent"],
          "averageYards": 5,
          "completionRate": 1.0,
          "touchdownRate": 0.01,
          "turnoverRisk": 0.02
        },
        {
          "id": "wz-counter",
          "playbook": "Wide Zone",
          "label": "Counter",
          "type": "run",
          "description": "Counter misdirection in wide zone scheme",
          "riskLevel": "medium",
          "perimeterBias": "inside",
          "tags": ["counter", "misdirection", "zone"],
          "averageYards": 8,
          "completionRate": 1.0,
          "touchdownRate": 0.02,
          "turnoverRisk": 0.03
        },
        {
          "id": "wz-power",
          "playbook": "Wide Zone",
          "label": "Power",
          "type": "run",
          "description": "Power gap scheme in wide zone formation",
          "riskLevel": "medium",
          "perimeterBias": "inside",
          "tags": ["power", "gap", "short-yardage"],
          "averageYards": 6,
          "completionRate": 1.0,
          "touchdownRate": 0.02,
          "turnoverRisk": 0.02
        },
        {
          "id": "wz-trap",
          "playbook": "Wide Zone",
          "label": "Trap",
          "type": "run",
          "description": "Trap blocking in wide zone scheme",
          "riskLevel": "medium",
          "perimeterBias": "inside",
          "tags": ["trap", "block", "zone"],
          "averageYards": 7,
          "completionRate": 1.0,
          "touchdownRate": 0.02,
          "turnoverRisk": 0.03
        },
        {
          "id": "wz-toss-sweep",
          "playbook": "Wide Zone",
          "label": "Toss Sweep",
          "type": "run",
          "description": "Toss sweep to perimeter with motion",
          "riskLevel": "high",
          "perimeterBias": "outside",
          "tags": ["toss", "sweep", "perimeter"],
          "averageYards": 9,
          "completionRate": 1.0,
          "touchdownRate": 0.03,
          "turnoverRisk": 0.05
        },
        {
          "id": "wz-pull-sweep",
          "playbook": "Wide Zone",
          "label": "Pull Sweep",
          "type": "run",
          "description": "Pulling guards for sweep in wide zone",
          "riskLevel": "medium",
          "perimeterBias": "outside",
          "tags": ["sweep", "pulling", "perimeter"],
          "averageYards": 8,
          "completionRate": 1.0,
          "touchdownRate": 0.02,
          "turnoverRisk": 0.04
        },
        {
          "id": "wz-rpo",
          "playbook": "Wide Zone",
          "label": "RPO",
          "type": "pass",
          "description": "Run-pass option in wide zone formation",
          "riskLevel": "medium",
          "perimeterBias": "outside",
          "tags": ["rpo", "option", "versatile"],
          "averageYards": 9,
          "completionRate": 0.78,
          "touchdownRate": 0.04,
          "turnoverRisk": 0.10
        },
        {
          "id": "wz-play-action",
          "playbook": "Wide Zone",
          "label": "Play Action",
          "type": "pass",
          "description": "Play action pass faking zone run commitment",
          "riskLevel": "high",
          "perimeterBias": "balanced",
          "tags": ["play-action", "fake", "aggressive"],
          "averageYards": 13,
          "completionRate": 0.60,
          "touchdownRate": 0.10,
          "turnoverRisk": 0.17
        },
        {
          "id": "wz-bootleg",
          "playbook": "Wide Zone",
          "label": "Bootleg",
          "type": "pass",
          "description": "Quarterback bootleg after zone fake",
          "riskLevel": "high",
          "perimeterBias": "outside",
          "tags": ["bootleg", "rollout", "perimeter"],
          "averageYards": 11,
          "completionRate": 0.65,
          "touchdownRate": 0.07,
          "turnoverRisk": 0.15
        },
        {
          "id": "wz-te-route",
          "playbook": "Wide Zone",
          "label": "TE Route",
          "type": "pass",
          "description": "Tight end route in wide zone formation",
          "riskLevel": "medium",
          "perimeterBias": "inside",
          "tags": ["tight-end", "intermediate", "matchup"],
          "averageYards": 10,
          "completionRate": 0.74,
          "touchdownRate": 0.06,
          "turnoverRisk": 0.12
        },
        {
          "id": "wz-screen",
          "playbook": "Wide Zone",
          "label": "Screen",
          "type": "pass",
          "description": "Screen pass exploiting zone defense",
          "riskLevel": "low",
          "perimeterBias": "outside",
          "tags": ["screen", "safe", "blitz-beater"],
          "averageYards": 6,
          "completionRate": 0.90,
          "touchdownRate": 0.01,
          "turnoverRisk": 0.05
        },
        {
          "id": "wz-hb-flat",
          "playbook": "Wide Zone",
          "label": "HB Flat",
          "type": "pass",
          "description": "Halfback flat route as checkdown",
          "riskLevel": "low",
          "perimeterBias": "outside",
          "tags": ["flat", "checkdown", "safe"],
          "averageYards": 5,
          "completionRate": 0.92,
          "touchdownRate": 0.01,
          "turnoverRisk": 0.04
        },
        {
          "id": "wz-wr-out",
          "playbook": "Wide Zone",
          "label": "WR Out",
          "type": "pass",
          "description": "Wide receiver out route to sideline",
          "riskLevel": "medium",
          "perimeterBias": "outside",
          "tags": ["out", "sideline", "intermediate"],
          "averageYards": 9,
          "completionRate": 0.75,
          "touchdownRate": 0.05,
          "turnoverRisk": 0.11
        },
        {
          "id": "wz-lead-block",
          "playbook": "Wide Zone",
          "label": "Lead Block",
          "type": "run",
          "description": "Lead blocking run with motion and deception",
          "riskLevel": "medium",
          "perimeterBias": "outside",
          "tags": ["lead", "block", "motion"],
          "averageYards": 7,
          "completionRate": 1.0,
          "touchdownRate": 0.02,
          "turnoverRisk": 0.03
        },
        {
          "id": "wz-cutback",
          "playbook": "Wide Zone",
          "label": "Cutback",
          "type": "run",
          "description": "Cutback lane run exploiting zone blocking",
          "riskLevel": "low",
          "perimeterBias": "inside",
          "tags": ["cutback", "lane", "zone"],
          "averageYards": 6,
          "completionRate": 1.0,
          "touchdownRate": 0.02,
          "turnoverRisk": 0.02
        },
        {
          "id": "wz-gap-scheme",
          "playbook": "Wide Zone",
          "label": "Gap Scheme",
          "type": "run",
          "description": "Gap blocking scheme in wide zone formation",
          "riskLevel": "medium",
          "perimeterBias": "inside",
          "tags": ["gap", "block", "power"],
          "averageYards": 6,
          "completionRate": 1.0,
          "touchdownRate": 0.02,
          "turnoverRisk": 0.02
        },
        {
          "id": "wz-zone-read",
          "playbook": "Wide Zone",
          "label": "Zone Read",
          "type": "run",
          "description": "Zone read option in wide zone scheme",
          "riskLevel": "medium",
          "perimeterBias": "outside",
          "tags": ["read-option", "zone", "versatile"],
          "averageYards": 7,
          "completionRate": 1.0,
          "touchdownRate": 0.03,
          "turnoverRisk": 0.04
        },
        {
          "id": "wz-sprint-out",
          "playbook": "Wide Zone",
          "label": "Sprint Out",
          "type": "pass",
          "description": "Sprint out pass from wide zone formation",
          "riskLevel": "high",
          "perimeterBias": "outside",
          "tags": ["sprint", "rollout", "perimeter"],
          "averageYards": 12,
          "completionRate": 0.63,
          "touchdownRate": 0.08,
          "turnoverRisk": 0.16
        }
      ]
    }
  },
  "defensive": [
    {
      "id": "def-goal-line",
      "label": "Goal Line",
      "description": "Stacked defense to stop short yardage and goal line situations",
      "coverageType": "man",
      "aggressionLevel": "aggressive",
      "tags": ["goal-line", "short-yardage", "stacked"]
    },
    {
      "id": "def-all-out-blitz",
      "label": "All-Out Blitz",
      "description": "Maximum pressure with all available defenders blitzing",
      "coverageType": "blitz",
      "aggressionLevel": "aggressive",
      "tags": ["blitz", "pressure", "man-coverage"]
    },
    {
      "id": "def-inside-blitz",
      "label": "Inside Blitz",
      "description": "Interior linemen blitz through gaps to disrupt pocket",
      "coverageType": "blitz",
      "aggressionLevel": "aggressive",
      "tags": ["inside-blitz", "gap-pressure", "pocket-disruption"]
    },
    {
      "id": "def-outside-blitz",
      "label": "Outside Blitz",
      "description": "Edge rushers and outside linebackers blitzing perimeter",
      "coverageType": "blitz",
      "aggressionLevel": "aggressive",
      "tags": ["outside-blitz", "edge-pressure", "contain"]
    },
    {
      "id": "def-cover-1",
      "label": "Cover 1",
      "description": "Man coverage with single deep safety over the top",
      "coverageType": "man",
      "aggressionLevel": "balanced",
      "tags": ["man-coverage", "single-high", "pressure"]
    },
    {
      "id": "def-cover-2",
      "label": "Cover 2",
      "description": "Zone coverage with two deep safeties splitting field",
      "coverageType": "zone",
      "aggressionLevel": "conservative",
      "tags": ["zone-coverage", "two-deep", "bend-not-break"]
    },
    {
      "id": "def-cover-3",
      "label": "Cover 3",
      "description": "Zone coverage with three deep defenders in thirds",
      "coverageType": "zone",
      "aggressionLevel": "conservative",
      "tags": ["zone-coverage", "three-deep", "cloud"]
    },
    {
      "id": "def-cover-4",
      "label": "Cover 4",
      "description": "Zone coverage with four underneath defenders in quarters",
      "coverageType": "zone",
      "aggressionLevel": "conservative",
      "tags": ["zone-coverage", "four-under", "quarters"]
    },
    {
      "id": "def-cover-6",
      "label": "Cover 6",
      "description": "Hybrid coverage with quarters to one side, Cover 2 to the other",
      "coverageType": "zone",
      "aggressionLevel": "balanced",
      "tags": ["hybrid-coverage", "quarters-cover2", "matchup"]
    },
    {
      "id": "def-prevent",
      "label": "Prevent",
      "description": "Soft coverage designed to prevent big plays in late game situations",
      "coverageType": "prevent",
      "aggressionLevel": "conservative",
      "tags": ["prevent", "soft-coverage", "clock-management"]
    }
  ]
}
