{
  "version": "1.0.0",
  "off_card": "Bubble Screen",
  "def_card": "Cover 2",
  "dice": "2d20",
  "entries": {
    "3": {
      "turnover": {
        "type": "FUM",
        "return_yards": 0,
        "return_to": "LOS"
      },
      "clock": "10"
    },
    "4": {
      "turnover": {
        "type": "FUM",
        "return_yards": 0,
        "return_to": "LOS"
      },
      "clock": "10"
    },
    "5": {
      "turnover": {
        "type": "FUM",
        "return_yards": 5,
        "return_to": "LOS"
      },
      "clock": "10"
    },
    "6": {
      "yards": -2,
      "clock": "10",
      "tags": [
        "pressure"
      ],
      "oob": false
    },
    "7": {
      "yards": -2,
      "clock": "10",
      "tags": [
        "pressure"
      ],
      "oob": false
    },
    "8": {
      "yards": -2,
      "clock": "10",
      "tags": [
        "pressure"
      ],
      "oob": true
    },
    "9": {
      "yards": -2,
      "clock": "10",
      "tags": [
        "pressure"
      ],
      "oob": true
    },
    "10": {
      "yards": -2,
      "clock": "10",
      "tags": [
        "pressure"
      ],
      "oob": true
    },
    "11": {
      "yards": 5,
      "clock": "10",
      "tags": [
        "completion",
        "short"
      ],
      "oob": true
    },
    "12": {
      "yards": 5,
      "clock": "10",
      "tags": [
        "completion",
        "short"
      ],
      "oob": true
    },
    "13": {
      "yards": 5,
      "clock": "10",
      "tags": [
        "completion",
        "short"
      ],
      "oob": false
    },
    "14": {
      "yards": 8,
      "clock": "10",
      "tags": [
        "completion",
        "short"
      ],
      "oob": true
    },
    "15": {
      "yards": 4,
      "clock": "10",
      "tags": [
        "completion",
        "short"
      ],
      "oob": true
    },
    "16": {
      "yards": 9,
      "clock": "10",
      "tags": [
        "completion",
        "short"
      ],
      "oob": true
    },
    "17": {
      "yards": 7,
      "clock": "10",
      "tags": [
        "completion",
        "short"
      ],
      "oob": true
    },
    "18": {
      "yards": 10,
      "clock": "10",
      "tags": [
        "completion",
        "short"
      ],
      "oob": false
    },
    "19": {
      "yards": 9,
      "clock": "10",
      "tags": [
        "completion",
        "short"
      ],
      "oob": true
    },
    "20": {
      "yards": 5,
      "clock": "10",
      "tags": [
        "completion",
        "short"
      ],
      "oob": false
    },
    "21": {
      "yards": 5,
      "clock": "10",
      "tags": [
        "completion",
        "short"
      ],
      "oob": false
    },
    "22": {
      "yards": 7,
      "clock": "10",
      "tags": [
        "completion",
        "short"
      ],
      "oob": false
    },
    "23": {
      "yards": 7,
      "clock": "10",
      "tags": [
        "completion",
        "short"
      ],
      "oob": false
    },
    "24": {
      "yards": 10,
      "clock": "10",
      "tags": [
        "completion",
        "short"
      ],
      "oob": false
    },
    "25": {
      "yards": 12,
      "clock": "20",
      "tags": [
        "explosive",
        "completion"
      ],
      "oob": false
    },
    "26": {
      "yards": 14,
      "clock": "20",
      "tags": [
        "explosive",
        "completion"
      ],
      "oob": false
    },
    "27": {
      "yards": 16,
      "clock": "20",
      "tags": [
        "explosive",
        "completion"
      ],
      "oob": false
    },
    "28": {
      "yards": 18,
      "clock": "20",
      "tags": [
        "explosive",
        "completion"
      ],
      "oob": false
    },
    "29": {
      "yards": 20,
      "clock": "20",
      "tags": [
        "explosive",
        "completion"
      ],
      "oob": false
    },
    "30": {
      "yards": 22,
      "clock": "20",
      "tags": [
        "explosive",
        "completion"
      ],
      "oob": false
    },
    "31": {
      "yards": 24,
      "clock": "20",
      "tags": [
        "explosive",
        "completion"
      ],
      "oob": false
    },
    "32": {
      "yards": 26,
      "clock": "20",
      "tags": [
        "explosive",
        "completion"
      ],
      "oob": false
    },
    "33": {
      "yards": 28,
      "clock": "20",
      "tags": [
        "explosive",
        "completion"
      ],
      "oob": false
    },
    "34": {
      "yards": 30,
      "clock": "20",
      "tags": [
        "explosive",
        "completion"
      ],
      "oob": false
    },
    "35": {
      "yards": 32,
      "clock": "20",
      "tags": [
        "explosive",
        "completion"
      ],
      "oob": false
    },
    "36": {
      "yards": 34,
      "clock": "20",
      "tags": [
        "explosive",
        "completion"
      ],
      "oob": false
    },
    "37": {
      "yards": 36,
      "clock": "20",
      "tags": [
        "explosive",
        "completion"
      ],
      "oob": false
    },
    "38": {
      "yards": 38,
      "clock": "20",
      "tags": [
        "explosive",
        "completion"
      ],
      "oob": false
    },
    "39": {
      "yards": 40,
      "clock": "20",
      "tags": [
        "explosive",
        "completion"
      ],
      "oob": false
    }
  },
  "doubles": {
    "1": {
      "result": "DEF_TD"
    },
    "20": {
      "result": "OFF_TD"
    },
    "2-19": {
      "penalty_table_ref": "PENALTY_1_TO_10"
    }
  },
  "meta": {
    "oob_bias": false,
    "field_pos_clamp": true,
    "risk_profile": "medium",
    "explosive_start_sum": 15
  }
}