{
  "$schema": "https://gridiron.dev/schema/play-outcomes-v1.json",
  "title": "Gridiron Strategy - Complete Play vs Defense Outcomes",
  "description": "Comprehensive matrix showing all offensive play outcomes against each defensive scheme",
  "version": "1.0.0",
  "defensive_card_mapping": {
    "1": "Goal Line",
    "2": "Short Yardage",
    "3": "Inside Blitz",
    "4": "Running",
    "5": "Run & Pass",
    "6": "Pass & Run",
    "7": "Passing",
    "8": "Outside Blitz",
    "9": "Prevent",
    "0": "Prevent Deep"
  },
  "letter_to_defense": {
    "A": "Goal Line",
    "B": "Short Yardage",
    "C": "Inside Blitz",
    "D": "Running",
    "E": "Run & Pass",
    "F": "Pass & Run",
    "G": "Passing",
    "H": "Outside Blitz",
    "I": "Prevent",
    "J": "Prevent Deep"
  },
  "offensive_styles": {
    "Pro Style": {
      "Power Up Middle": {
        "A": "-2",
        "B": "-1",
        "C": "+10",
        "D": "+1",
        "E": "+1",
        "F": "+2",
        "G": "+3",
        "H": "+7",
        "I": "+9",
        "J": "+10"
      },
      "Power Off Tackle": {
        "A": "-1",
        "B": "FUMBLE",
        "C": "-2",
        "D": "+4",
        "E": "+5",
        "F": "+7",
        "G": "+9",
        "H": "-1",
        "I": "+11",
        "J": "+14"
      },
      "QB Keeper": {
        "A": "0",
        "B": "-1",
        "C": "+15",
        "D": "+2",
        "E": "+2",
        "F": "+2",
        "G": "PENALTY -5 (or -2)",
        "H": "+15",
        "I": "+5",
        "J": "+5"
      },
      "Slant Run": {
        "A": "0",
        "B": "+2",
        "C": "-3",
        "D": "+3",
        "E": "+4",
        "F": "PENALTY +5 (or +7)",
        "G": "+8",
        "H": "-3",
        "I": "+13",
        "J": "+18"
      },
      "End Run": {
        "A": "-4",
        "B": "-1",
        "C": "FUMBLE",
        "D": "PENALTY +15",
        "E": "-3",
        "F": "+6",
        "G": "+9 O/B",
        "H": "+2",
        "I": "+21 O/B",
        "J": "+25 O/B"
      },
      "Reverse": {
        "A": "-2",
        "B": "+1 O/B",
        "C": "-4",
        "D": "FUMBLE",
        "E": "+7",
        "F": "+10",
        "G": "+13 O/B",
        "H": "-6",
        "I": "+20 O/B",
        "J": "LG"
      },
      "Draw": {
        "A": "+1",
        "B": "+2",
        "C": "-2",
        "D": "+2",
        "E": "+10",
        "F": "PENALTY -5 (or -2)",
        "G": "+5",
        "H": "-3",
        "I": "+12",
        "J": "+22"
      },
      "Trap": {
        "A": "+3",
        "B": "-1",
        "C": "+9",
        "D": "+4",
        "E": "+2",
        "F": "0",
        "G": "FUMBLE",
        "H": "+15 O/B",
        "I": "+9",
        "J": "+11"
      },
      "Run & Pass Option": {
        "A": "PENALTY",
        "B": "Complete +13 O/B",
        "C": "+5 O/B",
        "D": "Incomplete",
        "E": "+20",
        "F": "Incomplete",
        "G": "INTERCEPT Def -25",
        "H": "Complete +25",
        "I": "+5",
        "J": "Incomplete"
      },
      "Flair Pass": {
        "A": "Complete +3",
        "B": "Complete +6",
        "C": "Incomplete",
        "D": "Complete +5 O/B",
        "E": "Complete +3 O/B",
        "F": "Complete +1",
        "G": "Incomplete",
        "H": "Complete -2",
        "I": "Complete +17 O/B",
        "J": "PENALTY +5"
      },
      "Sideline Pass": {
        "A": "Complete +14 O/B",
        "B": "Incomplete",
        "C": "INTERCEPT Def +7",
        "D": "Complete +7 O/B",
        "E": "Complete +5 O/B",
        "F": "Complete +4 O/B",
        "G": "Complete +3 O/B",
        "H": "Incomplete",
        "I": "Incomplete",
        "J": "Incomplete"
      },
      "Look In Pass": {
        "A": "Complete +9",
        "B": "Incomplete",
        "C": "Complete +6",
        "D": "Incomplete",
        "E": "Incomplete",
        "F": "Incomplete",
        "G": "Complete +11",
        "H": "Complete +6",
        "I": "Complete +4",
        "J": "PENALTY -10"
      },
      "Screen Pass": {
        "A": "Complete +18",
        "B": "Complete +15",
        "C": "Complete +9",
        "D": "Complete +6",
        "E": "Complete +4 O/B",
        "F": "SACK -10",
        "G": "Incomplete",
        "H": "Complete +12",
        "I": "Incomplete",
        "J": "Incomplete"
      },
      "Pop Pass": {
        "A": "Complete +19",
        "B": "Complete +16",
        "C": "Complete +11",
        "D": "Complete +8",
        "E": "Incomplete",
        "F": "Incomplete",
        "G": "Complete +4",
        "H": "Incomplete",
        "I": "Incomplete",
        "J": "Incomplete"
      },
      "Button Hook Pass": {
        "A": "Complete +16",
        "B": "Complete +13",
        "C": "Complete +8",
        "D": "Incomplete",
        "E": "Incomplete",
        "F": "Complete +16",
        "G": "Incomplete",
        "H": "Complete +7",
        "I": "Incomplete",
        "J": "Incomplete"
      },
      "Razzle Dazzle": {
        "A": "LG",
        "B": "LG",
        "C": "-15",
        "D": "+11 O/B",
        "E": "PENALTY -10",
        "F": "-20",
        "G": "-15",
        "H": "FUMBLE",
        "I": "LG",
        "J": "LG"
      },
      "Down & Out Pass": {
        "A": "Complete +50 O/B",
        "B": "Complete +45 O/B",
        "C": "Complete +35",
        "D": "Complete +25",
        "E": "Incomplete",
        "F": "Complete +25",
        "G": "Incomplete",
        "H": "SACK -15",
        "I": "INTERCEPT Def +20",
        "J": "Incomplete"
      },
      "Down & In Pass": {
        "A": "Complete +45",
        "B": "Complete +35",
        "C": "SACK -5",
        "D": "Complete +35",
        "E": "Complete +30",
        "F": "INTERCEPT Def -30",
        "G": "Incomplete",
        "H": "Incomplete",
        "I": "Incomplete",
        "J": "Incomplete"
      },
      "Long Bomb": {
        "A": "Complete LG",
        "B": "Complete LG",
        "C": "+3 O/B",
        "D": "Complete +35 O/B",
        "E": "SACK -15",
        "F": "Incomplete",
        "G": "Incomplete",
        "H": "Incomplete",
        "I": "PENALTY +30 1st Down",
        "J": "INTERCEPT Def -30"
      },
      "Stop & Go Pass": {
        "A": "Complete +35",
        "B": "Complete +30",
        "C": "Incomplete",
        "D": "Incomplete",
        "E": "PENALTY -10 (or Incomplete)",
        "F": "Incomplete",
        "G": "Complete +35 O/B",
        "H": "Complete +30 O/B",
        "I": "Incomplete",
        "J": "INTERCEPT Def -25"
      }
    },
    "Ball Control": {
      "Power Up Middle": {
        "A": "-2",
        "B": "-1",
        "C": "+8",
        "D": "0",
        "E": "+1",
        "F": "+1",
        "G": "+2",
        "H": "+6",
        "I": "+7",
        "J": "+8"
      },
      "Power Off Tackle": {
        "A": "-1",
        "B": "FUMBLE",
        "C": "-2",
        "D": "+2",
        "E": "+3",
        "F": "+5",
        "G": "+7",
        "H": "-1",
        "I": "+9",
        "J": "+12"
      },
      "QB Keeper": {
        "A": "0",
        "B": "-1",
        "C": "+12 O/B",
        "D": "+1",
        "E": "+1",
        "F": "+1",
        "G": "PENALTY -5 (or -2)",
        "H": "+12",
        "I": "+3",
        "J": "+3"
      },
      "Slant Run": {
        "A": "0",
        "B": "+2",
        "C": "-3",
        "D": "+2",
        "E": "+3",
        "F": "PENALTY +5 (or +7)",
        "G": "+6",
        "H": "-3",
        "I": "+11",
        "J": "+16"
      },
      "End Run": {
        "A": "-4",
        "B": "-1",
        "C": "FUMBLE",
        "D": "PENALTY +15",
        "E": "-3",
        "F": "+6",
        "G": "+9 O/B",
        "H": "+2",
        "I": "+21 O/B",
        "J": "+25 O/B"
      },
      "Reverse": {
        "A": "-1",
        "B": "+1 O/B",
        "C": "-3",
        "D": "FUMBLE",
        "E": "+5",
        "F": "+8",
        "G": "+11 O/B",
        "H": "-4",
        "I": "+18 O/B",
        "J": "LG"
      },
      "Draw": {
        "A": "+1",
        "B": "+2",
        "C": "-2",
        "D": "+2",
        "E": "+8",
        "F": "PENALTY -5 (or -2)",
        "G": "+4",
        "H": "-3",
        "I": "+10",
        "J": "+18"
      },
      "Trap": {
        "A": "+3",
        "B": "-1",
        "C": "+7",
        "D": "+4",
        "E": "+2",
        "F": "0",
        "G": "FUMBLE",
        "H": "+13 O/B",
        "I": "+8",
        "J": "+10"
      },
      "Run & Pass Option": {
        "A": "PENALTY",
        "B": "Complete +11 O/B",
        "C": "+4 O/B",
        "D": "Incomplete",
        "E": "+18",
        "F": "Incomplete",
        "G": "INTERCEPT Def -20",
        "H": "Complete +22",
        "I": "+4",
        "J": "Incomplete"
      },
      "Flair Pass": {
        "A": "Complete +2",
        "B": "Complete +5",
        "C": "Incomplete",
        "D": "Complete +4 O/B",
        "E": "Complete +2 O/B",
        "F": "Complete +1",
        "G": "Incomplete",
        "H": "Complete -1",
        "I": "Complete +15 O/B",
        "J": "PENALTY +5"
      },
      "Sideline Pass": {
        "A": "Complete +12 O/B",
        "B": "Incomplete",
        "C": "INTERCEPT Def +6",
        "D": "Complete +6 O/B",
        "E": "Complete +4 O/B",
        "F": "Complete +3 O/B",
        "G": "Complete +2 O/B",
        "H": "Incomplete",
        "I": "Incomplete",
        "J": "Incomplete"
      },
      "Look In Pass": {
        "A": "Complete +8",
        "B": "Incomplete",
        "C": "Complete +5",
        "D": "Incomplete",
        "E": "Incomplete",
        "F": "Incomplete",
        "G": "Complete +9",
        "H": "Complete +5",
        "I": "Complete +3",
        "J": "PENALTY -10"
      },
      "Screen Pass": {
        "A": "Complete +16",
        "B": "Complete +13",
        "C": "Complete +8",
        "D": "Complete +5",
        "E": "Complete +3 O/B",
        "F": "SACK -8",
        "G": "Incomplete",
        "H": "Complete +10",
        "I": "Incomplete",
        "J": "Incomplete"
      },
      "Pop Pass": {
        "A": "Complete +17",
        "B": "Complete +14",
        "C": "Complete +9",
        "D": "Complete +7",
        "E": "Incomplete",
        "F": "Incomplete",
        "G": "Complete +3",
        "H": "Incomplete",
        "I": "Incomplete",
        "J": "Incomplete"
      },
      "Button Hook Pass": {
        "A": "Complete +14",
        "B": "Complete +11",
        "C": "Complete +7",
        "D": "Incomplete",
        "E": "Incomplete",
        "F": "Complete +14",
        "G": "Incomplete",
        "H": "Complete +6",
        "I": "Incomplete",
        "J": "Incomplete"
      },
      "Razzle Dazzle": {
        "A": "LG",
        "B": "LG",
        "C": "-12",
        "D": "+9 O/B",
        "E": "PENALTY -8",
        "F": "-18",
        "G": "-12",
        "H": "FUMBLE",
        "I": "LG",
        "J": "LG"
      },
      "Down & Out Pass": {
        "A": "Complete +45 O/B",
        "B": "Complete +40 O/B",
        "C": "Complete +30",
        "D": "Complete +22",
        "E": "Incomplete",
        "F": "Complete +22",
        "G": "Incomplete",
        "H": "SACK -12",
        "I": "INTERCEPT Def +18",
        "J": "Incomplete"
      },
      "Down & In Pass": {
        "A": "Complete +40",
        "B": "Complete +30",
        "C": "SACK -4",
        "D": "Complete +30",
        "E": "Complete +25",
        "F": "INTERCEPT Def -25",
        "G": "Incomplete",
        "H": "Incomplete",
        "I": "Incomplete",
        "J": "Incomplete"
      },
      "Long Bomb": {
        "A": "Complete LG",
        "B": "Complete LG",
        "C": "+2 O/B",
        "D": "Complete +30 O/B",
        "E": "SACK -12",
        "F": "Incomplete",
        "G": "Incomplete",
        "H": "Incomplete",
        "I": "PENALTY +25 1st Down",
        "J": "INTERCEPT Def -25"
      },
      "Stop & Go Pass": {
        "A": "Complete +30",
        "B": "Complete +25",
        "C": "Incomplete",
        "D": "Incomplete",
        "E": "PENALTY -8 (or Incomplete)",
        "F": "Incomplete",
        "G": "Complete +30 O/B",
        "H": "Complete +25 O/B",
        "I": "Incomplete",
        "J": "INTERCEPT Def -20"
      }
    },
    "Aerial Style": {
      "Power Up Middle": {
        "A": "-2",
        "B": "-1",
        "C": "+8",
        "D": "0",
        "E": "+1",
        "F": "+1",
        "G": "+2",
        "H": "+6",
        "I": "+7",
        "J": "+8"
      },
      "Power Off Tackle": {
        "A": "-1",
        "B": "FUMBLE",
        "C": "-2",
        "D": "+2",
        "E": "+3",
        "F": "+5",
        "G": "+7",
        "H": "-1",
        "I": "+9",
        "J": "+12"
      },
      "QB Keeper": {
        "A": "0",
        "B": "-1",
        "C": "+12 O/B",
        "D": "+1",
        "E": "+1",
        "F": "+1",
        "G": "PENALTY -5 (or -2)",
        "H": "+12",
        "I": "+3",
        "J": "+3"
      },
      "Slant Run": {
        "A": "0",
        "B": "+2",
        "C": "-3",
        "D": "+2",
        "E": "+3",
        "F": "PENALTY +5 (or +7)",
        "G": "+6",
        "H": "-3",
        "I": "+11",
        "J": "+16"
      },
      "End Run": {
        "A": "-4",
        "B": "-1",
        "C": "FUMBLE",
        "D": "PENALTY +15",
        "E": "-3",
        "F": "+6",
        "G": "+9 O/B",
        "H": "+2",
        "I": "+21 O/B",
        "J": "+25 O/B"
      },
      "Reverse": {
        "A": "-3",
        "B": "+1 O/B",
        "C": "-5",
        "D": "FUMBLE",
        "E": "+6",
        "F": "+9",
        "G": "+12 O/B",
        "H": "-5",
        "I": "+19 O/B",
        "J": "LG"
      },
      "Draw": {
        "A": "+1",
        "B": "+2",
        "C": "-2",
        "D": "+2",
        "E": "+8",
        "F": "PENALTY -5 (or -2)",
        "G": "+4",
        "H": "-3",
        "I": "+10",
        "J": "+18"
      },
      "Trap": {
        "A": "+3",
        "B": "-1",
        "C": "+7",
        "D": "+4",
        "E": "+2",
        "F": "0",
        "G": "FUMBLE",
        "H": "+13 O/B",
        "I": "+8",
        "J": "+10"
      },
      "Run & Pass Option": {
        "A": "PENALTY",
        "B": "Complete +11 O/B",
        "C": "+4 O/B",
        "D": "Incomplete",
        "E": "+18",
        "F": "Incomplete",
        "G": "INTERCEPT Def -20",
        "H": "Complete +22",
        "I": "+4",
        "J": "Incomplete"
      },
      "Flair Pass": {
        "A": "Complete +2",
        "B": "Complete +5",
        "C": "Incomplete",
        "D": "Complete +4 O/B",
        "E": "Complete +2 O/B",
        "F": "Complete +1",
        "G": "Incomplete",
        "H": "Complete -1",
        "I": "Complete +15 O/B",
        "J": "PENALTY +5"
      },
      "Sideline Pass": {
        "A": "Complete +12 O/B",
        "B": "Incomplete",
        "C": "INTERCEPT Def +6",
        "D": "Complete +6 O/B",
        "E": "Complete +4 O/B",
        "F": "Complete +3 O/B",
        "G": "Complete +2 O/B",
        "H": "Incomplete",
        "I": "Incomplete",
        "J": "Incomplete"
      },
      "Look In Pass": {
        "A": "Complete +8",
        "B": "Incomplete",
        "C": "Complete +5",
        "D": "Incomplete",
        "E": "Incomplete",
        "F": "Incomplete",
        "G": "Complete +9",
        "H": "Complete +5",
        "I": "Complete +3",
        "J": "PENALTY -10"
      },
      "Screen Pass": {
        "A": "Complete +16",
        "B": "Complete +13",
        "C": "Complete +8",
        "D": "Complete +5",
        "E": "Complete +3 O/B",
        "F": "SACK -8",
        "G": "Incomplete",
        "H": "Complete +10",
        "I": "Incomplete",
        "J": "Incomplete"
      },
      "Pop Pass": {
        "A": "Complete +17",
        "B": "Complete +14",
        "C": "Complete +9",
        "D": "Complete +7",
        "E": "Incomplete",
        "F": "Incomplete",
        "G": "Complete +3",
        "H": "Incomplete",
        "I": "Incomplete",
        "J": "Incomplete"
      },
      "Button Hook Pass": {
        "A": "Complete +14",
        "B": "Complete +11",
        "C": "Complete +7",
        "D": "Incomplete",
        "E": "Incomplete",
        "F": "Complete +14",
        "G": "Incomplete",
        "H": "Complete +6",
        "I": "Incomplete",
        "J": "Incomplete"
      },
      "Razzle Dazzle": {
        "A": "LG",
        "B": "LG",
        "C": "-12",
        "D": "+9 O/B",
        "E": "PENALTY -8",
        "F": "-18",
        "G": "-12",
        "H": "FUMBLE",
        "I": "LG",
        "J": "LG"
      },
      "Down & Out Pass": {
        "A": "Complete +45 O/B",
        "B": "Complete +40 O/B",
        "C": "Complete +30",
        "D": "Complete +22",
        "E": "Incomplete",
        "F": "Complete +22",
        "G": "Incomplete",
        "H": "SACK -12",
        "I": "INTERCEPT Def +18",
        "J": "Incomplete"
      },
      "Down & In Pass": {
        "A": "Complete +40",
        "B": "Complete +30",
        "C": "SACK -4",
        "D": "Complete +30",
        "E": "Complete +25",
        "F": "INTERCEPT Def -25",
        "G": "Incomplete",
        "H": "Incomplete",
        "I": "Incomplete",
        "J": "Incomplete"
      },
      "Long Bomb": {
        "A": "Complete LG",
        "B": "Complete LG",
        "C": "+2 O/B",
        "D": "Complete +30 O/B",
        "E": "SACK -12",
        "F": "Incomplete",
        "G": "Incomplete",
        "H": "Incomplete",
        "I": "PENALTY +25 1st Down",
        "J": "INTERCEPT Def -25"
      },
      "Stop & Go Pass": {
        "A": "Complete +30",
        "B": "Complete +25",
        "C": "Incomplete",
        "D": "Incomplete",
        "E": "PENALTY -8 (or Incomplete)",
        "F": "Incomplete",
        "G": "Complete +30 O/B",
        "H": "Complete +25 O/B",
        "I": "Incomplete",
        "J": "INTERCEPT Def -20"
      }
    }
  },
  "special_outcomes": {
    "LG": "Long Gain - roll on Long Gain table",
    "O/B": "Out of Bounds - ball spotted at that yard line",
    "PENALTY": "Penalty - specific penalty details follow",
    "FUMBLE": "Fumble - turnover to defense",
    "INTERCEPT": "Interception - turnover to defense with return yards",
    "SACK": "Sack - negative yards from line of scrimmage",
    "Complete": "Completion - pass caught for specified yards",
    "Incomplete": "Incomplete pass - no yards gained"
  },
  "usage_notes": {
    "description": "This file contains the complete matrix of outcomes for all offensive plays vs all defensive cards",
    "how_to_use": [
      "Find your offensive play in the appropriate style section",
      "Look up the defensive card letter (A-J) you want to see the outcome for",
      "The value shows the result: yards gained/lost, special outcomes, penalties, etc.",
      "Special outcomes are explained in the 'special_outcomes' section"
    ],
    "example": "Pro Style 'Power Up Middle' vs 'Goal Line' (A) = -2 yards",
    "data_source": "Compiled from football_strategy_all_mappings.json and defensive card mappings"
  }
}
