{
  "OffenseCharts": {
    "ProStyle": {
      "Power Up Middle": {
        "A": "-2",
        "B": "-1",
        "C": "+10",
        "D": "+1",
        "E": "+1",
        "F": "+2",
        "G": "+3",
        "H": "+7",
        "I": "+9",
        "J": "+10"
      },
      "Power Off Tackle": {
        "A": "-1",
        "B": "FUMBLE",
        "C": "-2",
        "D": "+4",
        "E": "+5",
        "F": "+7",
        "G": "+9",
        "H": "-1",
        "I": "+11",
        "J": "+14"
      },
      "QB Keeper": {
        "A": "0",
        "B": "-1",
        "C": "+15",
        "D": "+2",
        "E": "+2",
        "F": "+2",
        "G": "PENALTY -5 (or -2)",
        "H": "+15",
        "I": "+5",
        "J": "+5"
      },
      "Slant Run": {
        "A": "0",
        "B": "+2",
        "C": "-3",
        "D": "+3",
        "E": "+4",
        "F": "PENALTY +5 (or +7)",
        "G": "+8",
        "H": "-3",
        "I": "+13",
        "J": "+18"
      },
      "End Run": {
        "A": "-4",
        "B": "-1",
        "C": "FUMBLE",
        "D": "PENALTY +15",
        "E": "-3",
        "F": "+6",
        "G": "+9 O/B",
        "H": "+2",
        "I": "+21 O/B",
        "J": "+25 O/B"
      },
      "Reverse": {
        "A": "-2",
        "B": "+1 O/B",
        "C": "-4",
        "D": "FUMBLE",
        "E": "+7",
        "F": "+10",
        "G": "+13 O/B",
        "H": "-6",
        "I": "+20 O/B",
        "J": "LG"
      },
      "Draw": {
        "A": "+1",
        "B": "+2",
        "C": "-2",
        "D": "+2",
        "E": "+10",
        "F": "PENALTY -5 (or -2)",
        "G": "+5",
        "H": "-3",
        "I": "+12",
        "J": "+22"
      },
      "Trap": {
        "A": "+3",
        "B": "-1",
        "C": "+9",
        "D": "+4",
        "E": "+2",
        "F": "0",
        "G": "FUMBLE",
        "H": "+15 O/B",
        "I": "+9",
        "J": "+11"
      },
      "Run/Pass Option": {
        "A": "PENALTY",
        "B": "Complete +13 O/B",
        "C": "+5 O/B",
        "D": "Incomplete",
        "E": "+20",
        "F": "Incomplete",
        "G": "INTERCEPT Def -25",
        "H": "Complete +25",
        "I": "+5",
        "J": "Incomplete"
      },
      "Flair Pass": {
        "A": "Complete +3",
        "B": "Complete +6",
        "C": "Incomplete",
        "D": "Complete +5 O/B",
        "E": "Complete +3 O/B",
        "F": "Complete +1",
        "G": "Incomplete",
        "H": "Complete -2",
        "I": "Complete +17 O/B",
        "J": "PENALTY +5"
      },
      "Side Line Pass": {
        "A": "Complete +14 O/B",
        "B": "Incomplete",
        "C": "INTERCEPT Def +7",
        "D": "Complete +7 O/B",
        "E": "Complete +5 O/B",
        "F": "Complete +4 O/B",
        "G": "Complete +3 O/B",
        "H": "Incomplete",
        "I": "Incomplete",
        "J": "Incomplete"
      },
      "Look In Pass": {
        "A": "Complete +9",
        "B": "Incomplete",
        "C": "Complete +6",
        "D": "Incomplete",
        "E": "Incomplete",
        "F": "Incomplete",
        "G": "Complete +11",
        "H": "Complete +6",
        "I": "Complete +4",
        "J": "PENALTY -10"
      },
      "Screen Pass": {
        "A": "Complete +18",
        "B": "Complete +15",
        "C": "Complete +9",
        "D": "Complete +6",
        "E": "Complete +4 O/B",
        "F": "SACK -10",
        "G": "Incomplete",
        "H": "Complete +12",
        "I": "Incomplete",
        "J": "Incomplete"
      },
      "Pop Pass": {
        "A": "Complete +19",
        "B": "Complete +16",
        "C": "Complete +11",
        "D": "Complete +8",
        "E": "Incomplete",
        "F": "Incomplete",
        "G": "Complete +4",
        "H": "Incomplete",
        "I": "Incomplete",
        "J": "Incomplete"
      },
      "Button Hook Pass": {
        "A": "Complete +16",
        "B": "Complete +13",
        "C": "Complete +8",
        "D": "Incomplete",
        "E": "Incomplete",
        "F": "Complete +16",
        "G": "Incomplete",
        "H": "Complete +7",
        "I": "Incomplete",
        "J": "Incomplete"
      },
      "Razzle Dazzle": {
        "A": "LG",
        "B": "LG",
        "C": "-15",
        "D": "+11 O/B",
        "E": "PENALTY -10",
        "F": "-20",
        "G": "-15",
        "H": "FUMBLE",
        "I": "LG",
        "J": "LG"
      },
      "Down & Out Pass": {
        "A": "Complete +50 O/B",
        "B": "Complete +45 O/B",
        "C": "Complete +35",
        "D": "Complete +25",
        "E": "Incomplete",
        "F": "Complete +25",
        "G": "Incomplete",
        "H": "SACK -15",
        "I": "INTERCEPT Def +20",
        "J": "Incomplete"
      },
      "Down & In Pass": {
        "A": "Complete +45",
        "B": "Complete +35",
        "C": "SACK -5",
        "D": "Complete +35",
        "E": "Complete +30",
        "F": "INTERCEPT Def -30",
        "G": "Incomplete",
        "H": "Incomplete",
        "I": "Incomplete",
        "J": "Incomplete"
      },
      "Long Bomb": {
        "A": "Complete LG",
        "B": "Complete LG",
        "C": "+3 O/B",
        "D": "Complete +35 O/B",
        "E": "SACK -15",
        "F": "Incomplete",
        "G": "Incomplete",
        "H": "Incomplete",
        "I": "PENALTY +30 1st Down",
        "J": "INTERCEPT Def -30"
      },
      "Stop & Go Pass": {
        "A": "Complete +35",
        "B": "Complete +30",
        "C": "Incomplete",
        "D": "Incomplete",
        "E": "PENALTY -10 (or Incomplete)",
        "F": "Incomplete",
        "G": "Complete +35 O/B",
        "H": "Complete +30 O/B",
        "I": "Incomplete",
        "J": "INTERCEPT Def -25"
      }
    },
    "BallControl": {
      "Power Up Middle": {
        "A": "-2",
        "B": "-1",
        "C": "+12",
        "D": "+1",
        "E": "+2",
        "F": "+3",
        "G": "+5",
        "H": "+8",
        "I": "+10",
        "J": "+11"
      },
      "Power Off Tackle": {
        "A": "-1",
        "B": "FUMBLE",
        "C": "-2",
        "D": "+3",
        "E": "+6",
        "F": "+8",
        "G": "+10",
        "H": "-1",
        "I": "+13",
        "J": "+16"
      },
      "QB Keeper": {
        "A": "0",
        "B": "-1",
        "C": "+15",
        "D": "+2",
        "E": "+2",
        "F": "+2",
        "G": "PENALTY -5 (or -2)",
        "H": "+15",
        "I": "+5",
        "J": "+5"
      },
      "Slant Run": {
        "A": "0",
        "B": "+2",
        "C": "-3",
        "D": "+3",
        "E": "+5",
        "F": "PENALTY +5 (or +7)",
        "G": "+9",
        "H": "-3",
        "I": "+15",
        "J": "+20 O/B"
      },
      "End Run": {
        "A": "-3",
        "B": "0",
        "C": "-4",
        "D": "+16",
        "E": "-2",
        "F": "+7",
        "G": "+10 O/B",
        "H": "+3",
        "I": "+25 O/B",
        "J": "+30 O/B"
      },
      "Reverse": {
        "A": "-1",
        "B": "+1 O/B",
        "C": "-3",
        "D": "FUMBLE",
        "E": "+7",
        "F": "+10",
        "G": "+13 O/B",
        "H": "-5",
        "I": "+20 O/B",
        "J": "LG"
      },
      "Draw": {
        "A": "+1",
        "B": "+2",
        "C": "-2",
        "D": "+2",
        "E": "+9",
        "F": "PENALTY -5 (or -2)",
        "G": "+5",
        "H": "-3",
        "I": "+12",
        "J": "+22"
      },
      "Trap": {
        "A": "+3",
        "B": "-1",
        "C": "+9",
        "D": "+4",
        "E": "+2",
        "F": "0",
        "G": "PENALTY -10",
        "H": "+15",
        "I": "+9",
        "J": "+11"
      },
      "Run/Pass Option": {
        "A": "PENALTY -15",
        "B": "Complete +13 O/B",
        "C": "+5 O/B",
        "D": "Incomplete",
        "E": "+20",
        "F": "Incomplete",
        "G": "INTERCEPT Def -25",
        "H": "Complete +25",
        "I": "+5",
        "J": "Incomplete"
      },
      "Flair Pass": {
        "A": "Complete +3",
        "B": "Complete +6",
        "C": "Incomplete",
        "D": "Complete +5 O/B",
        "E": "Complete +3 O/B",
        "F": "Complete +1",
        "G": "Incomplete",
        "H": "Complete -2",
        "I": "Complete +17 O/B",
        "J": "PENALTY +5"
      },
      "Side Line Pass": {
        "A": "Complete +12 O/B",
        "B": "Incomplete",
        "C": "INTERCEPT Def +7",
        "D": "Complete +6 O/B",
        "E": "Complete +4 O/B",
        "F": "Complete +3 O/B",
        "G": "Complete +2 O/B",
        "H": "Incomplete",
        "I": "Incomplete",
        "J": "Incomplete"
      },
      "Look In Pass": {
        "A": "Complete +9",
        "B": "Incomplete",
        "C": "Complete +6",
        "D": "Incomplete",
        "E": "Incomplete",
        "F": "Incomplete",
        "G": "Complete +11",
        "H": "Complete +6",
        "I": "Complete +4",
        "J": "PENALTY -15"
      },
      "Screen Pass": {
        "A": "Complete +18",
        "B": "Complete +15",
        "C": "Complete +9",
        "D": "Complete +6",
        "E": "Incomplete",
        "F": "SACK -10",
        "G": "Incomplete",
        "H": "Complete +12",
        "I": "Incomplete",
        "J": "Incomplete"
      },
      "Pop Pass": {
        "A": "Complete +16",
        "B": "Complete +13",
        "C": "Complete +8",
        "D": "Complete +5",
        "E": "Incomplete",
        "F": "Incomplete",
        "G": "Complete +4",
        "H": "Incomplete",
        "I": "Incomplete",
        "J": "Incomplete"
      },
      "Button Hook Pass": {
        "A": "Complete +14",
        "B": "Complete +11",
        "C": "Complete +7",
        "D": "Incomplete",
        "E": "Incomplete",
        "F": "Complete +14",
        "G": "Incomplete",
        "H": "PENALTY +5",
        "I": "Incomplete",
        "J": "SACK -5"
      },
      "Razzle Dazzle": {
        "A": "LG",
        "B": "LG",
        "C": "INTERCEPT Def +0",
        "D": "+11 O/B",
        "E": "PENALTY -15",
        "F": "-20",
        "G": "-15",
        "H": "FUMBLE",
        "I": "LG",
        "J": "LG"
      },
      "Down & Out Pass": {
        "A": "Complete +50 O/B",
        "B": "Complete +45 O/B",
        "C": "Complete +35",
        "D": "Incomplete",
        "E": "Incomplete",
        "F": "Complete +25",
        "G": "Incomplete",
        "H": "SACK -15 O/B",
        "I": "INTERCEPT Def +20",
        "J": "Incomplete"
      },
      "Down & In Pass": {
        "A": "Complete +45",
        "B": "Incomplete",
        "C": "SACK -5",
        "D": "Complete +35",
        "E": "Complete +30",
        "F": "INTERCEPT Def -30",
        "G": "Incomplete",
        "H": "Incomplete",
        "I": "Incomplete",
        "J": "Incomplete"
      },
      "Long Bomb": {
        "A": "Complete LG",
        "B": "Complete LG",
        "C": "Incomplete",
        "D": "PENALTY +30 1st Down",
        "E": "SACK -15",
        "F": "Incomplete",
        "G": "Incomplete",
        "H": "Incomplete",
        "I": "PENALTY +25 1st Down",
        "J": "INTERCEPT Def -20"
      },
      "Stop & Go Pass": {
        "A": "Complete +35",
        "B": "Complete +30",
        "C": "Incomplete",
        "D": "Incomplete",
        "E": "PENALTY -15",
        "F": "Incomplete",
        "G": "Complete +30 O/B",
        "H": "Complete +25 O/B",
        "I": "Incomplete",
        "J": "INTERCEPT Def -20"
      }
    },
    "AerialStyle": {
      "Power Up Middle": {
        "A": "-2",
        "B": "-1",
        "C": "+8",
        "D": "0",
        "E": "+1",
        "F": "+1",
        "G": "+2",
        "H": "+6",
        "I": "+7",
        "J": "+8"
      },
      "Power Off Tackle": {
        "A": "-1",
        "B": "FUMBLE",
        "C": "-2",
        "D": "+2",
        "E": "+3",
        "F": "+5",
        "G": "+7",
        "H": "-1",
        "I": "+9",
        "J": "+12"
      },
      "QB Keeper": {
        "A": "0",
        "B": "-1",
        "C": "+12 O/B",
        "D": "+1",
        "E": "+1",
        "F": "+1",
        "G": "PENALTY -5 (or -2)",
        "H": "+12",
        "I": "+3",
        "J": "+3"
      },
      "Slant Run": {
        "A": "0",
        "B": "+2",
        "C": "-3",
        "D": "+2",
        "E": "+3",
        "F": "PENALTY +5 (or +7)",
        "G": "+6",
        "H": "-3",
        "I": "+11",
        "J": "+16"
      },
      "End Run": {
        "A": "-5",
        "B": "-2",
        "C": "FUMBLE",
        "D": "PENALTY +10",
        "E": "-4",
        "F": "+5",
        "G": "+8 O/B",
        "H": "+1",
        "I": "+17 O/B",
        "J": "+20 O/B"
      },
      "Reverse": {
        "A": "-3",
        "B": "+1 O/B",
        "C": "-5",
        "D": "FUMBLE",
        "E": "+7",
        "F": "+10",
        "G": "+13 O/B",
        "H": "-7",
        "I": "+20 O/B",
        "J": "LG"
      },
      "Draw": {
        "A": "+1",
        "B": "+2",
        "C": "-2",
        "D": "+2",
        "E": "+10",
        "F": "+1",
        "G": "+5",
        "H": "-3",
        "I": "+12",
        "J": "+22"
      },
      "Trap": {
        "A": "+3",
        "B": "-1",
        "C": "+11",
        "D": "+7",
        "E": "+5",
        "F": "+2",
        "G": "FUMBLE",
        "H": "+18 O/B",
        "I": "+11",
        "J": "+14"
      },
      "Run/Pass Option": {
        "A": "FUMBLE",
        "B": "Complete +15 O/B",
        "C": "+4",
        "D": "Incomplete",
        "E": "+20",
        "F": "Incomplete",
        "G": "INTERCEPT Def -30",
        "H": "Complete +30",
        "I": "+4",
        "J": "Incomplete"
      },
      "Flair Pass": {
        "A": "Complete +3",
        "B": "Complete +6",
        "C": "Incomplete",
        "D": "Complete +5 O/B",
        "E": "Complete +3 O/B",
        "F": "Complete +1",
        "G": "Incomplete",
        "H": "Complete -2",
        "I": "Complete +17 O/B",
        "J": "PENALTY +5"
      },
      "Side Line Pass": {
        "A": "Complete +15 O/B",
        "B": "Incomplete",
        "C": "INTERCEPT Def +7",
        "D": "Complete +8 O/B",
        "E": "Complete +6 O/B",
        "F": "Complete +5 O/B",
        "G": "Complete +4 O/B",
        "H": "Incomplete",
        "I": "Incomplete",
        "J": "Incomplete"
      },
      "Look In Pass": {
        "A": "Complete +9",
        "B": "Incomplete",
        "C": "Complete +6",
        "D": "Complete +3",
        "E": "Incomplete",
        "F": "Incomplete",
        "G": "Complete +11",
        "H": "Complete +6",
        "I": "Complete +4",
        "J": "PENALTY -5"
      },
      "Screen Pass": {
        "A": "Complete +20",
        "B": "Complete +17",
        "C": "Complete +10",
        "D": "Complete +6",
        "E": "Complete +4 O/B",
        "F": "SACK -10",
        "G": "Incomplete",
        "H": "Complete +14",
        "I": "Incomplete",
        "J": "Incomplete"
      },
      "Pop Pass": {
        "A": "Complete +19",
        "B": "Complete +16",
        "C": "Complete +11",
        "D": "Complete +8",
        "E": "Incomplete",
        "F": "Incomplete",
        "G": "Complete +4",
        "H": "Incomplete",
        "I": "Incomplete",
        "J": "Incomplete"
      },
      "Button Hook Pass": {
        "A": "Complete +18",
        "B": "Complete +15",
        "C": "Complete +9",
        "D": "Incomplete",
        "E": "Incomplete",
        "F": "Complete +18",
        "G": "Incomplete",
        "H": "Complete +8",
        "I": "Incomplete",
        "J": "SACK-5"
      },
      "Razzle Dazzle": {
        "A": "LG",
        "B": "LG",
        "C": "-15",
        "D": "+11 O/B",
        "E": "PENALTY -5",
        "F": "-20",
        "G": "-15",
        "H": "FUMBLE",
        "I": "LG",
        "J": "LG"
      },
      "Down & Out Pass": {
        "A": "Complete +50 O/B",
        "B": "Complete +45 O/B",
        "C": "Complete +35",
        "D": "Complete +25",
        "E": "Incomplete",
        "F": "Complete +25",
        "G": "Incomplete",
        "H": "PENALTY -10",
        "I": "INTERCEPT Def +20",
        "J": "Incomplete"
      },
      "Down & In Pass": {
        "A": "Complete +45",
        "B": "Complete +35",
        "C": "SACK -5",
        "D": "Complete +35",
        "E": "Complete +30",
        "F": "INTERCEPT Def -30",
        "G": "Incomplete",
        "H": "Incomplete",
        "I": "Incomplete",
        "J": "Incomplete"
      },
      "Long Bomb": {
        "A": "Complete LG",
        "B": "Complete LG",
        "C": "+5 O/B",
        "D": "Complete +35 O/B",
        "E": "SACK -10",
        "F": "Incomplete",
        "G": "Incomplete",
        "H": "Incomplete",
        "I": "PENALTY +35 1st Down",
        "J": "INTERCEPT Def -35"
      },
      "Stop & Go Pass": {
        "A": "Complete +35",
        "B": "Complete +30",
        "C": "Incomplete",
        "D": "Incomplete",
        "E": "PENALTY -5",
        "F": "Incomplete",
        "G": "Complete +35 O/B",
        "H": "Complete +30 O/B",
        "I": "Incomplete",
        "J": "INTERCEPT Def -30"
      }
    }
  }
}