{
  "version": "1.0.0",
  "off_card": "Speed Option",
  "def_card": "Cover 2",
  "dice": "2d20",
  "entries": {
    "3": {
      "turnover": {
        "type": "FUM",
        "return_yards": 0,
        "return_to": "LOS"
      },
      "clock": "30"
    },
    "4": {
      "turnover": {
        "type": "FUM",
        "return_yards": 0,
        "return_to": "LOS"
      },
      "clock": "30"
    },
    "5": {
      "turnover": {
        "type": "FUM",
        "return_yards": 5,
        "return_to": "LOS"
      },
      "clock": "30"
    },
    "6": {
      "yards": -3,
      "clock": "30",
      "tags": [
        "stuff"
      ]
    },
    "7": {
      "yards": -4,
      "clock": "30",
      "tags": [
        "stuff"
      ]
    },
    "8": {
      "yards": -5,
      "clock": "30",
      "tags": [
        "stuff"
      ]
    },
    "9": {
      "yards": -6,
      "clock": "30",
      "tags": [
        "stuff"
      ]
    },
    "10": {
      "yards": -7,
      "clock": "30",
      "tags": [
        "stuff"
      ]
    },
    "11": {
      "yards": 3,
      "clock": "30",
      "tags": [
        "run",
        "positive"
      ]
    },
    "12": {
      "yards": 4,
      "clock": "30",
      "tags": [
        "run",
        "positive"
      ]
    },
    "13": {
      "yards": -1,
      "clock": "30",
      "tags": [
        "run",
        "no_gain"
      ]
    },
    "14": {
      "yards": 3,
      "clock": "30",
      "tags": [
        "run",
        "positive"
      ]
    },
    "15": {
      "yards": 2,
      "clock": "30",
      "tags": [
        "run",
        "positive"
      ]
    },
    "16": {
      "yards": 1,
      "clock": "30",
      "tags": [
        "run",
        "positive"
      ]
    },
    "17": {
      "yards": 0,
      "clock": "30",
      "tags": [
        "run",
        "no_gain"
      ]
    },
    "18": {
      "yards": 2,
      "clock": "30",
      "tags": [
        "run",
        "positive"
      ]
    },
    "19": {
      "yards": 4,
      "clock": "30",
      "tags": [
        "run",
        "positive"
      ]
    },
    "20": {
      "yards": -1,
      "clock": "30",
      "tags": [
        "run",
        "no_gain"
      ]
    },
    "21": {
      "yards": 4,
      "clock": "30",
      "tags": [
        "run",
        "positive"
      ]
    },
    "22": {
      "yards": 2,
      "clock": "30",
      "tags": [
        "run",
        "positive"
      ]
    },
    "23": {
      "yards": 2,
      "clock": "30",
      "tags": [
        "run",
        "positive"
      ]
    },
    "24": {
      "yards": 3,
      "clock": "30",
      "tags": [
        "run",
        "positive"
      ]
    },
    "25": {
      "yards": 8,
      "clock": "30",
      "tags": [
        "explosive",
        "run"
      ],
      "oob": false
    },
    "26": {
      "yards": 9,
      "clock": "30",
      "tags": [
        "explosive",
        "run"
      ],
      "oob": false
    },
    "27": {
      "yards": 10,
      "clock": "30",
      "tags": [
        "explosive",
        "run"
      ],
      "oob": false
    },
    "28": {
      "yards": 11,
      "clock": "30",
      "tags": [
        "explosive",
        "run"
      ],
      "oob": false
    },
    "29": {
      "yards": 12,
      "clock": "30",
      "tags": [
        "explosive",
        "run"
      ],
      "oob": false
    },
    "30": {
      "yards": 13,
      "clock": "30",
      "tags": [
        "explosive",
        "run"
      ],
      "oob": false
    },
    "31": {
      "yards": 14,
      "clock": "30",
      "tags": [
        "explosive",
        "run"
      ],
      "oob": false
    },
    "32": {
      "yards": 15,
      "clock": "30",
      "tags": [
        "explosive",
        "run"
      ],
      "oob": false
    },
    "33": {
      "yards": 16,
      "clock": "30",
      "tags": [
        "explosive",
        "run"
      ],
      "oob": false
    },
    "34": {
      "yards": 17,
      "clock": "30",
      "tags": [
        "explosive",
        "run"
      ],
      "oob": false
    },
    "35": {
      "yards": 18,
      "clock": "30",
      "tags": [
        "explosive",
        "run"
      ],
      "oob": false
    },
    "36": {
      "yards": 19,
      "clock": "30",
      "tags": [
        "explosive",
        "run"
      ],
      "oob": false
    },
    "37": {
      "yards": 20,
      "clock": "30",
      "tags": [
        "explosive",
        "run"
      ],
      "oob": false
    },
    "38": {
      "yards": 21,
      "clock": "30",
      "tags": [
        "explosive",
        "run"
      ],
      "oob": false
    },
    "39": {
      "yards": 22,
      "clock": "30",
      "tags": [
        "explosive",
        "run"
      ],
      "oob": false
    }
  },
  "doubles": {
    "1": {
      "result": "DEF_TD"
    },
    "20": {
      "result": "OFF_TD"
    },
    "2-19": {
      "penalty_table_ref": "PENALTY_1_TO_10"
    }
  },
  "meta": {
    "oob_bias": false,
    "field_pos_clamp": true,
    "risk_profile": "medium",
    "explosive_start_sum": 12
  }
}