{
  "version": "1.0.0",
  "off_card": "Slot Seam",
  "def_card": "All Out Blitz",
  "dice": "2d20",
  "entries": {
    "3": {
      "turnover": {
        "type": "INT",
        "return_yards": 0,
        "return_to": "LOS"
      },
      "clock": "10"
    },
    "4": {
      "turnover": {
        "type": "INT",
        "return_yards": 0,
        "return_to": "LOS"
      },
      "clock": "10"
    },
    "5": {
      "turnover": {
        "type": "INT",
        "return_yards": 10,
        "return_to": "LOS"
      },
      "clock": "10"
    },
    "6": {
      "yards": -5,
      "clock": "10",
      "tags": [
        "sack",
        "pressure"
      ]
    },
    "7": {
      "yards": -4,
      "clock": "10",
      "tags": [
        "sack",
        "pressure"
      ]
    },
    "8": {
      "yards": -3,
      "clock": "10",
      "tags": [
        "sack",
        "pressure"
      ]
    },
    "9": {
      "yards": -2,
      "clock": "10",
      "tags": [
        "pressure"
      ]
    },
    "10": {
      "yards": -1,
      "clock": "10",
      "tags": [
        "pressure"
      ]
    },
    "11": {
      "yards": 12,
      "clock": "10",
      "tags": [
        "completion",
        "short"
      ]
    },
    "12": {
      "yards": 12,
      "clock": "10",
      "tags": [
        "completion",
        "short"
      ]
    },
    "13": {
      "yards": 12,
      "clock": "10",
      "tags": [
        "completion",
        "short"
      ]
    },
    "14": {
      "yards": 12,
      "clock": "10",
      "tags": [
        "completion",
        "short"
      ]
    },
    "15": {
      "yards": 12,
      "clock": "10",
      "tags": [
        "completion",
        "short"
      ]
    },
    "16": {
      "yards": 12,
      "clock": "10",
      "tags": [
        "completion",
        "short"
      ]
    },
    "17": {
      "yards": 12,
      "clock": "10",
      "tags": [
        "completion",
        "short"
      ]
    },
    "18": {
      "yards": 12,
      "clock": "10",
      "tags": [
        "completion",
        "short"
      ]
    },
    "19": {
      "yards": 12,
      "clock": "10",
      "tags": [
        "completion",
        "short"
      ]
    },
    "20": {
      "yards": 12,
      "clock": "10",
      "tags": [
        "completion",
        "short"
      ]
    },
    "21": {
      "yards": 12,
      "clock": "10",
      "tags": [
        "completion",
        "short"
      ]
    },
    "22": {
      "yards": 12,
      "clock": "10",
      "tags": [
        "completion",
        "short"
      ]
    },
    "23": {
      "yards": 12,
      "clock": "10",
      "tags": [
        "completion",
        "short"
      ]
    },
    "24": {
      "yards": 12,
      "clock": "10",
      "tags": [
        "completion",
        "short"
      ]
    },
    "25": {
      "yards": 42,
      "clock": "20",
      "tags": [
        "explosive",
        "completion"
      ]
    },
    "26": {
      "yards": 45,
      "clock": "20",
      "tags": [
        "explosive",
        "completion"
      ]
    },
    "27": {
      "yards": 48,
      "clock": "20",
      "tags": [
        "explosive",
        "completion"
      ]
    },
    "28": {
      "yards": 50,
      "clock": "20",
      "tags": [
        "explosive",
        "completion"
      ]
    },
    "29": {
      "yards": 52,
      "clock": "20",
      "tags": [
        "explosive",
        "completion"
      ]
    },
    "30": {
      "yards": 55,
      "clock": "20",
      "tags": [
        "explosive",
        "completion"
      ]
    },
    "31": {
      "yards": 58,
      "clock": "20",
      "tags": [
        "explosive",
        "completion"
      ]
    },
    "32": {
      "yards": 60,
      "clock": "20",
      "tags": [
        "explosive",
        "completion"
      ]
    },
    "33": {
      "yards": 62,
      "clock": "20",
      "tags": [
        "explosive",
        "completion"
      ]
    },
    "34": {
      "yards": 65,
      "clock": "20",
      "tags": [
        "explosive",
        "completion"
      ]
    },
    "35": {
      "yards": 68,
      "clock": "20",
      "tags": [
        "explosive",
        "completion"
      ]
    },
    "36": {
      "yards": 70,
      "clock": "20",
      "tags": [
        "explosive",
        "completion"
      ]
    },
    "37": {
      "yards": 72,
      "clock": "20",
      "tags": [
        "explosive",
        "completion"
      ]
    },
    "38": {
      "yards": 75,
      "clock": "20",
      "tags": [
        "explosive",
        "completion"
      ]
    },
    "39": {
      "yards": 78,
      "clock": "20",
      "tags": [
        "explosive",
        "completion"
      ]
    }
  },
  "doubles": {
    "1": {
      "result": "DEF_TD"
    },
    "20": {
      "result": "OFF_TD"
    },
    "2-19": {
      "penalty_table_ref": "PENALTY_1_TO_10"
    }
  },
  "meta": {
    "oob_bias": false,
    "field_pos_clamp": true,
    "risk_profile": "high",
    "explosive_start_sum": 25
  }
}
