{
  "version": "1.0.0",
  "off_card": "Levels",
  "def_card": "Cover 2",
  "dice": "2d20",
  "entries": {
    "3": {
      "turnover": {
        "type": "INT",
        "return_yards": 10,
        "return_to": "LOS"
      },
      "clock": "10"
    },
    "4": {
      "yards": -2,
      "clock": "10",
      "tags": [
        "sack",
        "pressure"
      ]
    },
    "5": {
      "turnover": {
        "type": "INT",
        "return_yards": 18,
        "return_to": "LOS"
      },
      "clock": "10"
    },
    "6": {
      "yards": -3,
      "clock": "10",
      "tags": [
        "sack",
        "pressure"
      ]
    },
    "7": {
      "turnover": {
        "type": "INT",
        "return_yards": 15,
        "return_to": "LOS"
      },
      "clock": "10"
    },
    "8": {
      "yards": -4,
      "clock": "10",
      "tags": [
        "sack",
        "pressure"
      ]
    },
    "9": {
      "turnover": {
        "type": "FUM",
        "return_yards": 23,
        "return_to": "LOS"
      },
      "clock": "10"
    },
    "10": {
      "yards": -5,
      "clock": "10",
      "tags": [
        "sack",
        "pressure"
      ]
    },
    "11": {
      "turnover": {
        "type": "FUM",
        "return_yards": 11,
        "return_to": "LOS"
      },
      "clock": "10"
    },
    "12": {
      "yards": -6,
      "clock": "10",
      "tags": [
        "sack",
        "pressure"
      ]
    },
    "13": {
      "turnover": {
        "type": "FUM",
        "return_yards": 25,
        "return_to": "LOS"
      },
      "clock": "10"
    },
    "14": {
      "yards": -7,
      "clock": "10",
      "tags": [
        "sack",
        "pressure"
      ]
    },
    "15": {
      "turnover": {
        "type": "FUM",
        "return_yards": 24,
        "return_to": "LOS"
      },
      "clock": "10"
    },
    "16": {
      "yards": 1,
      "clock": "20",
      "tags": [
        "completion",
        "intermediate"
      ]
    },
    "17": {
      "yards": 3,
      "clock": "20",
      "tags": [
        "completion",
        "intermediate"
      ]
    },
    "18": {
      "yards": 4,
      "clock": "10",
      "tags": [
        "completion",
        "intermediate",
        "boundary"
      ],
      "oob": true
    },
    "19": {
      "yards": 6,
      "clock": "10",
      "tags": [
        "completion",
        "intermediate",
        "boundary"
      ],
      "oob": true
    },
    "20": {
      "yards": 7,
      "clock": "10",
      "tags": [
        "completion",
        "intermediate",
        "boundary"
      ],
      "oob": true
    },
    "21": {
      "yards": 9,
      "clock": "10",
      "tags": [
        "completion",
        "intermediate",
        "boundary"
      ],
      "oob": true
    },
    "22": {
      "yards": 10,
      "clock": "10",
      "tags": [
        "completion",
        "intermediate",
        "boundary"
      ],
      "oob": true
    },
    "23": {
      "yards": 12,
      "clock": "10",
      "tags": [
        "completion",
        "intermediate",
        "boundary"
      ],
      "oob": true
    },
    "24": {
      "yards": 13,
      "clock": "10",
      "tags": [
        "completion",
        "intermediate",
        "boundary"
      ],
      "oob": true
    },
    "25": {
      "yards": 30,
      "clock": "10",
      "tags": [
        "completion",
        "explosive",
        "deep",
        "boundary"
      ],
      "oob": true
    },
    "26": {
      "yards": 31,
      "clock": "10",
      "tags": [
        "completion",
        "explosive",
        "deep",
        "boundary"
      ],
      "oob": true
    },
    "27": {
      "yards": 32,
      "clock": "10",
      "tags": [
        "completion",
        "explosive",
        "deep",
        "boundary"
      ],
      "oob": true
    },
    "28": {
      "yards": 33,
      "clock": "10",
      "tags": [
        "completion",
        "explosive",
        "deep",
        "boundary"
      ],
      "oob": true
    },
    "29": {
      "yards": 34,
      "clock": "20",
      "tags": [
        "completion",
        "explosive",
        "deep"
      ]
    },
    "30": {
      "yards": 35,
      "clock": "20",
      "tags": [
        "completion",
        "explosive",
        "deep"
      ]
    },
    "31": {
      "yards": 55,
      "clock": "20",
      "tags": [
        "completion",
        "explosive",
        "deep"
      ]
    },
    "32": {
      "yards": 57,
      "clock": "20",
      "tags": [
        "completion",
        "explosive",
        "deep"
      ]
    },
    "33": {
      "yards": 59,
      "clock": "20",
      "tags": [
        "completion",
        "explosive",
        "deep"
      ]
    },
    "34": {
      "yards": 61,
      "clock": "20",
      "tags": [
        "completion",
        "explosive",
        "deep"
      ]
    },
    "35": {
      "yards": 63,
      "clock": "20",
      "tags": [
        "completion",
        "explosive",
        "deep"
      ]
    },
    "36": {
      "yards": 64,
      "clock": "20",
      "tags": [
        "completion",
        "explosive",
        "deep"
      ]
    },
    "37": {
      "yards": 66,
      "clock": "20",
      "tags": [
        "completion",
        "explosive",
        "deep"
      ]
    },
    "38": {
      "yards": 68,
      "clock": "20",
      "tags": [
        "completion",
        "explosive",
        "deep"
      ]
    },
    "39": {
      "yards": 70,
      "clock": "20",
      "tags": [
        "completion",
        "explosive",
        "deep"
      ]
    }
  },
  "doubles": {
    "1": {
      "result": "DEF_TD"
    },
    "20": {
      "result": "OFF_TD"
    },
    "2-19": {
      "penalty_table_ref": "penalty_table_v1"
    }
  },
  "meta": {
    "oob_bias": false,
    "field_pos_clamp": true,
    "risk_profile": "high",
    "explosive_start_sum": 22
  }
}