{
  "name": "Place Kicking Table",
  "dice": "2d6",
  "columns": [
    { "range": "PAT", "min": null, "max": null },
    { "range": "1-12", "min": 1, "max": 12 },
    { "range": "13-22", "min": 13, "max": 22 },
    { "range": "23-32", "min": 23, "max": 32 },
    { "range": "33-38", "min": 33, "max": 38 },
    { "range": "39-45", "min": 39, "max": 45 }
  ],
  "results": [
    { "roll": 2,  "PAT": "NG", "1-12": "NG", "13-22": "NG", "23-32": "G",  "33-38": "G",  "39-45": "G" },
    { "roll": 3,  "PAT": "G",  "1-12": "NG", "13-22": "NG", "23-32": "NG", "33-38": "G",  "39-45": "NG" },
    { "roll": 4,  "PAT": "G",  "1-12": "G",  "13-22": "NG", "23-32": "NG", "33-38": "NG", "39-45": "NG" },
    { "roll": 5,  "PAT": "G",  "1-12": "G",  "13-22": "G",  "23-32": "NG", "33-38": "NG", "39-45": "NG" },
    { "roll": 6,  "PAT": "G",  "1-12": "G",  "13-22": "G",  "23-32": "G",  "33-38": "NG", "39-45": "NG" },
    { "roll": 7,  "PAT": "G",  "1-12": "G",  "13-22": "G",  "23-32": "G",  "33-38": "G",  "39-45": "NG" },
    { "roll": 8,  "PAT": "G",  "1-12": "G",  "13-22": "G",  "23-32": "G",  "33-38": "NG", "39-45": "NG" },
    { "roll": 9,  "PAT": "G",  "1-12": "G",  "13-22": "G",  "23-32": "NG", "33-38": "NG", "39-45": "NG" },
    { "roll": 10, "PAT": "G",  "1-12": "G",  "13-22": "G",  "23-32": "NG", "33-38": "NG", "39-45": "NG" },
    { "roll": 11, "PAT": "G",  "1-12": "G",  "13-22": "NG", "23-32": "NG", "33-38": "G",  "39-45": "NG" },
    { "roll": 12, "PAT": "NG", "1-12": "NG", "13-22": "G",  "23-32": "G",  "33-38": "G",  "39-45": "G" }
  ],
  "legend": {
    "G": "Good",
    "NG": "No Good"
  },
  "notes": [
    "Percent success by range: PAT .946, 1-12 .889, 13-22 .778, 23-32 .50, 33-38 .333, 39-45 .054"
  ]
}


